input_path,original_filename,output_basename,scale_factor,original_image_height_px,original_image_width_px,working_image_height_px,working_image_width_px,qr_raw,qr_format,qr_plot,qr_spalte,qr_reihe,qr_condition,qr_sample_id,qr_detected,qr_text,qr_method,qr_points,qr_bbox_xyxy,qr_bbox_xyxy_working,qr_points_working,qr_text_file,qr_json_file,roi_source,roi_y0,roi_y1,roi_x0,roi_x1,crop_height_px,crop_width_px,coordinate_scale,n_raw_masks_initial,n_raw_masks_after_exclusion,n_rescue_candidates,n_rescue_added,n_raw_masks,valid_region_fraction,n_kept_worms,n_rejected_masks,labels_tif,overlay_png,stats_csv,qr_token_count,qr_token_0,qr_token_1,qr_token_2,qr_token_3,qr_token_4,qr_token_5
images/20260512_154701.jpg,20260512_154701.jpg,20260512-154701__qr-Plot180-Spalte3-Reihe60-R4S-274__53e84806,0.5,4000,3000,2000,1500,Plot180_Spalte3_Reihe60_R4S_274_,plot_spalte_reihe_condition_sample,180.0,3.0,60.0,R4S,274.0,True,Plot180_Spalte3_Reihe60_R4S_274_,opencv_right_strip_full_height_rgb_scale_1,"[[2834.3853759765625, 1118.9864501953125], [2835.0, 1525.0], [2424.0, 1538.0], [2424.0, 1123.0]]","[2424, 1118, 2835, 1538]","[1212, 559, 1418, 769]","[[1417.1926879882812, 559.4932250976562], [1417.5, 762.5], [1212.0, 769.0], [1212.0, 561.5]]",output/metadata/20260512-154701__qr-Plot180-Spalte3-Reihe60-R4S-274__53e84806__qr.txt,output/metadata/20260512-154701__qr-Plot180-Spalte3-Reihe60-R4S-274__53e84806__qr.json,auto,160,1840,120,1380,1680,1260,working_pixels,20,20,0,0,20,0.7585879629629629,14,6,output/labels/20260512-154701__qr-Plot180-Spalte3-Reihe60-R4S-274__53e84806__labels.tif,output/overlays/20260512-154701__qr-Plot180-Spalte3-Reihe60-R4S-274__53e84806__labeled.png,output/stats/20260512-154701__qr-Plot180-Spalte3-Reihe60-R4S-274__53e84806__worms.csv,,,,,,,
images/20260512_155150.jpg,20260512_155150.jpg,20260512-155150__qr-Plot203-Spalte4-Reihe23-R4S-448__e7c53068,0.5,4000,3000,2000,1500,Plot203_Spalte4_Reihe23_R4S_448_,plot_spalte_reihe_condition_sample,203.0,4.0,23.0,R4S,448.0,True,Plot203_Spalte4_Reihe23_R4S_448_,opencv_right_strip_full_height_rgb_scale_1.5,"[[2886.666666666667, 1078.6666666666667], [2884.666666666667, 1483.3333333333333], [2475.3333333333335, 1491.3333333333333], [2475.3333333333335, 1078.6666666666667]]","[2475, 1078, 2887, 1492]","[1237, 539, 1444, 746]","[[1443.3333333333335, 539.3333333333334], [1442.3333333333335, 741.6666666666666], [1237.6666666666667, 745.6666666666666], [1237.6666666666667, 539.3333333333334]]",output/metadata/20260512-155150__qr-Plot203-Spalte4-Reihe23-R4S-448__e7c53068__qr.txt,output/metadata/20260512-155150__qr-Plot203-Spalte4-Reihe23-R4S-448__e7c53068__qr.json,auto,237,1985,30,1485,1748,1455,working_pixels,86,86,0,0,86,0.6315250811924478,85,1,output/labels/20260512-155150__qr-Plot203-Spalte4-Reihe23-R4S-448__e7c53068__labels.tif,output/overlays/20260512-155150__qr-Plot203-Spalte4-Reihe23-R4S-448__e7c53068__labeled.png,output/stats/20260512-155150__qr-Plot203-Spalte4-Reihe23-R4S-448__e7c53068__worms.csv,,,,,,,
images/20260512_155321.jpg,20260512_155321.jpg,20260512-155321__qr-Plot203-Spalte4-Reihe23-R4S-448__3d8e27e8,0.5,4000,3000,2000,1500,Plot203_Spalte4_Reihe23_R4S_448_,plot_spalte_reihe_condition_sample,203.0,4.0,23.0,R4S,448.0,True,Plot203_Spalte4_Reihe23_R4S_448_,opencv_right_strip_full_height_rgb_scale_1.5,"[[2926.666666666667, 1178.6666666666667], [2911.333333333333, 1590.0], [2497.6318359375, 1578.5237630208333], [2509.3333333333335, 1168.0]]","[2497, 1168, 2927, 1590]","[1248, 584, 1464, 795]","[[1463.3333333333335, 589.3333333333334], [1455.6666666666665, 795.0], [1248.81591796875, 789.2618815104166], [1254.6666666666667, 584.0]]",output/metadata/20260512-155321__qr-Plot203-Spalte4-Reihe23-R4S-448__3d8e27e8__qr.txt,output/metadata/20260512-155321__qr-Plot203-Spalte4-Reihe23-R4S-448__3d8e27e8__qr.json,auto,160,1840,120,1380,1680,1260,working_pixels,85,85,0,0,85,0.7709457671957672,84,1,output/labels/20260512-155321__qr-Plot203-Spalte4-Reihe23-R4S-448__3d8e27e8__labels.tif,output/overlays/20260512-155321__qr-Plot203-Spalte4-Reihe23-R4S-448__3d8e27e8__labeled.png,output/stats/20260512-155321__qr-Plot203-Spalte4-Reihe23-R4S-448__3d8e27e8__worms.csv,,,,,,,
images/20260512_155716.jpg,20260512_155716.jpg,20260512-155716__qr-Plot109-Spalte2-Reihe49-R4S-143__cf1de22d,0.5,4000,3000,2000,1500,Plot109_Spalte2_Reihe49_R4S_143_,plot_spalte_reihe_condition_sample,109.0,2.0,49.0,R4S,143.0,True,Plot109_Spalte2_Reihe49_R4S_143_,opencv_right_strip_full_height_rgb_scale_1,"[[2908.769287109375, 1094.0], [2909.0, 1501.0], [2500.0, 1501.0], [2500.0, 1094.0]]","[2500, 1094, 2909, 1501]","[1250, 547, 1455, 751]","[[1454.3846435546875, 547.0], [1454.5, 750.5], [1250.0, 750.5], [1250.0, 547.0]]",output/metadata/20260512-155716__qr-Plot109-Spalte2-Reihe49-R4S-143__cf1de22d__qr.txt,output/metadata/20260512-155716__qr-Plot109-Spalte2-Reihe49-R4S-143__cf1de22d__qr.json,auto,221,1985,28,1485,1764,1457,working_pixels,35,35,0,0,35,0.5907243473916677,27,8,output/labels/20260512-155716__qr-Plot109-Spalte2-Reihe49-R4S-143__cf1de22d__labels.tif,output/overlays/20260512-155716__qr-Plot109-Spalte2-Reihe49-R4S-143__cf1de22d__labeled.png,output/stats/20260512-155716__qr-Plot109-Spalte2-Reihe49-R4S-143__cf1de22d__worms.csv,,,,,,,
images/20260512_155734.jpg,20260512_155734.jpg,20260512-155734__qr-Plot109-Spalte2-Reihe49-R4S-143__e131efd0,0.5,4000,3000,2000,1500,Plot109_Spalte2_Reihe49_R4S_143_,plot_spalte_reihe_condition_sample,109.0,2.0,49.0,R4S,143.0,True,Plot109_Spalte2_Reihe49_R4S_143_,opencv_right_strip_full_height_rgb_scale_1,"[[2916.0, 1100.0], [2935.0, 1504.0], [2526.173828125, 1525.6143798828125], [2506.521240234375, 1117.0465087890625]]","[2506, 1100, 2935, 1526]","[1253, 550, 1468, 763]","[[1458.0, 550.0], [1467.5, 752.0], [1263.0869140625, 762.8071899414062], [1253.2606201171875, 558.5232543945312]]",output/metadata/20260512-155734__qr-Plot109-Spalte2-Reihe49-R4S-143__e131efd0__qr.txt,output/metadata/20260512-155734__qr-Plot109-Spalte2-Reihe49-R4S-143__e131efd0__qr.json,auto,274,1985,28,1485,1711,1457,working_pixels,32,32,0,0,32,0.7402912319534427,27,5,output/labels/20260512-155734__qr-Plot109-Spalte2-Reihe49-R4S-143__e131efd0__labels.tif,output/overlays/20260512-155734__qr-Plot109-Spalte2-Reihe49-R4S-143__e131efd0__labeled.png,output/stats/20260512-155734__qr-Plot109-Spalte2-Reihe49-R4S-143__e131efd0__worms.csv,,,,,,,
images/20260512_160216.jpg,20260512_160216.jpg,20260512-160216__qr-Plot147-Spalte3-Reihe27-R4S-495__1035899e,0.5,4000,3000,2000,1500,Plot147_Spalte3_Reihe27_R4S_495_,plot_spalte_reihe_condition_sample,147.0,3.0,27.0,R4S,495.0,True,Plot147_Spalte3_Reihe27_R4S_495_,opencv_right_strip_full_height_rgb_scale_1,"[[2893.0, 1094.0], [2900.0, 1499.0], [2489.03955078125, 1504.5582275390625], [2489.0, 1097.0]]","[2489, 1094, 2900, 1505]","[1244, 547, 1450, 753]","[[1446.5, 547.0], [1450.0, 749.5], [1244.519775390625, 752.2791137695312], [1244.5, 548.5]]",output/metadata/20260512-160216__qr-Plot147-Spalte3-Reihe27-R4S-495__1035899e__qr.txt,output/metadata/20260512-160216__qr-Plot147-Spalte3-Reihe27-R4S-495__1035899e__qr.json,auto,244,1985,32,1485,1741,1453,working_pixels,45,45,0,0,45,0.6309360933211525,38,7,output/labels/20260512-160216__qr-Plot147-Spalte3-Reihe27-R4S-495__1035899e__labels.tif,output/overlays/20260512-160216__qr-Plot147-Spalte3-Reihe27-R4S-495__1035899e__labeled.png,output/stats/20260512-160216__qr-Plot147-Spalte3-Reihe27-R4S-495__1035899e__worms.csv,,,,,,,
images/20260512_160323.jpg,20260512_160323.jpg,20260512-160323__qr-Plot147-Spalte3-Reihe27-R4S-495__e71166d4,0.5,4000,3000,2000,1500,Plot147_Spalte3_Reihe27_R4S_495_,plot_spalte_reihe_condition_sample,147.0,3.0,27.0,R4S,495.0,True,Plot147_Spalte3_Reihe27_R4S_495_,opencv_right_strip_full_height_rgb_scale_1,"[[2911.0, 1097.0], [2913.0, 1501.0], [2500.0, 1501.0], [2502.0, 1094.0]]","[2500, 1094, 2913, 1501]","[1250, 547, 1457, 751]","[[1455.5, 548.5], [1456.5, 750.5], [1250.0, 750.5], [1251.0, 547.0]]",output/metadata/20260512-160323__qr-Plot147-Spalte3-Reihe27-R4S-495__e71166d4__qr.txt,output/metadata/20260512-160323__qr-Plot147-Spalte3-Reihe27-R4S-495__e71166d4__qr.json,auto,235,1985,24,1485,1750,1461,working_pixels,42,42,0,0,42,0.5998537205436589,38,4,output/labels/20260512-160323__qr-Plot147-Spalte3-Reihe27-R4S-495__e71166d4__labels.tif,output/overlays/20260512-160323__qr-Plot147-Spalte3-Reihe27-R4S-495__e71166d4__labeled.png,output/stats/20260512-160323__qr-Plot147-Spalte3-Reihe27-R4S-495__e71166d4__worms.csv,,,,,,,
images/20260512_160401.jpg,20260512_160401.jpg,20260512-160401__qr-Plot147-Spalte3-Reihe27-R4S-495__624e2dcd,0.5,4000,3000,2000,1500,Plot147_Spalte3_Reihe27_R4S_495_,plot_spalte_reihe_condition_sample,147.0,3.0,27.0,R4S,495.0,True,Plot147_Spalte3_Reihe27_R4S_495_,opencv_right_strip_full_height_rgb_scale_1,"[[2951.0, 1094.0], [2958.0, 1499.0], [2546.3189697265625, 1505.9315185546875], [2542.0, 1099.0]]","[2542, 1094, 2958, 1506]","[1271, 547, 1479, 753]","[[1475.5, 547.0], [1479.0, 749.5], [1273.1594848632812, 752.9657592773438], [1271.0, 549.5]]",output/metadata/20260512-160401__qr-Plot147-Spalte3-Reihe27-R4S-495__624e2dcd__qr.txt,output/metadata/20260512-160401__qr-Plot147-Spalte3-Reihe27-R4S-495__624e2dcd__qr.json,auto,233,1985,24,1485,1752,1461,working_pixels,39,39,0,0,39,0.5983434596307652,34,5,output/labels/20260512-160401__qr-Plot147-Spalte3-Reihe27-R4S-495__624e2dcd__labels.tif,output/overlays/20260512-160401__qr-Plot147-Spalte3-Reihe27-R4S-495__624e2dcd__labeled.png,output/stats/20260512-160401__qr-Plot147-Spalte3-Reihe27-R4S-495__624e2dcd__worms.csv,,,,,,,
images/20260512_160900.jpg,20260512_160900.jpg,20260512-160900__qr-Plot197-Spalte4-Reihe17-R4S-183__b7c57122,0.5,4000,3000,2000,1500,Plot197_Spalte4_Reihe17_R4S_183_,plot_spalte_reihe_condition_sample,197.0,4.0,17.0,R4S,183.0,True,Plot197_Spalte4_Reihe17_R4S_183_,opencv_right_strip_full_height_rgb_scale_1,"[[2936.0, 1103.0], [2932.4749755859375, 1508.0], [2527.0, 1508.0], [2529.0, 1099.0]]","[2527, 1099, 2936, 1508]","[1263, 549, 1468, 754]","[[1468.0, 551.5], [1466.2374877929688, 754.0], [1263.5, 754.0], [1264.5, 549.5]]",output/metadata/20260512-160900__qr-Plot197-Spalte4-Reihe17-R4S-183__b7c57122__qr.txt,output/metadata/20260512-160900__qr-Plot197-Spalte4-Reihe17-R4S-183__b7c57122__qr.json,auto,253,1985,36,1485,1732,1449,working_pixels,41,41,0,0,41,0.6102715578315538,34,7,output/labels/20260512-160900__qr-Plot197-Spalte4-Reihe17-R4S-183__b7c57122__labels.tif,output/overlays/20260512-160900__qr-Plot197-Spalte4-Reihe17-R4S-183__b7c57122__labeled.png,output/stats/20260512-160900__qr-Plot197-Spalte4-Reihe17-R4S-183__b7c57122__worms.csv,,,,,,,
images/20260512_160955.jpg,20260512_160955.jpg,20260512-160955__qr-Plot197-Spalte4-Reihe17-R4S-183__5c21e71a,0.5,4000,3000,2000,1500,Plot197_Spalte4_Reihe17_R4S_183_,plot_spalte_reihe_condition_sample,197.0,4.0,17.0,R4S,183.0,True,Plot197_Spalte4_Reihe17_R4S_183_,opencv_right_strip_full_height_rgb_scale_1,"[[2951.0, 1099.0], [2944.0, 1505.0], [2536.0, 1505.0], [2538.0, 1094.0]]","[2536, 1094, 2951, 1505]","[1268, 547, 1476, 753]","[[1475.5, 549.5], [1472.0, 752.5], [1268.0, 752.5], [1269.0, 547.0]]",output/metadata/20260512-160955__qr-Plot197-Spalte4-Reihe17-R4S-183__5c21e71a__qr.txt,output/metadata/20260512-160955__qr-Plot197-Spalte4-Reihe17-R4S-183__5c21e71a__qr.json,auto,232,1985,15,1485,1753,1470,working_pixels,36,36,0,0,36,0.5607886965396541,31,5,output/labels/20260512-160955__qr-Plot197-Spalte4-Reihe17-R4S-183__5c21e71a__labels.tif,output/overlays/20260512-160955__qr-Plot197-Spalte4-Reihe17-R4S-183__5c21e71a__labeled.png,output/stats/20260512-160955__qr-Plot197-Spalte4-Reihe17-R4S-183__5c21e71a__worms.csv,,,,,,,
images/20260512_161303.jpg,20260512_161303.jpg,20260512-161303__qr-Plot72-Spalte2-Reihe12-R4S-197-S__eafec956,0.5,4000,3000,2000,1500,Plot72_Spalte2_Reihe12_R4S_197_S,generic_underscore_tokens,,,,,,True,Plot72_Spalte2_Reihe12_R4S_197_S,opencv_right_strip_full_height_rgb_scale_1,"[[2959.85205078125, 1069.003173828125], [2963.0, 1474.0], [2551.0, 1484.2203369140625], [2551.0, 1070.0]]","[2551, 1069, 2963, 1485]","[1275, 534, 1482, 743]","[[1479.926025390625, 534.5015869140625], [1481.5, 737.0], [1275.5, 742.1101684570312], [1275.5, 535.0]]",output/metadata/20260512-161303__qr-Plot72-Spalte2-Reihe12-R4S-197-S__eafec956__qr.txt,output/metadata/20260512-161303__qr-Plot72-Spalte2-Reihe12-R4S-197-S__eafec956__qr.json,auto,190,1985,15,1485,1795,1470,working_pixels,44,42,0,0,42,0.5958080836791542,36,6,output/labels/20260512-161303__qr-Plot72-Spalte2-Reihe12-R4S-197-S__eafec956__labels.tif,output/overlays/20260512-161303__qr-Plot72-Spalte2-Reihe12-R4S-197-S__eafec956__labeled.png,output/stats/20260512-161303__qr-Plot72-Spalte2-Reihe12-R4S-197-S__eafec956__worms.csv,6.0,Plot72,Spalte2,Reihe12,R4S,197.0,S
images/20260512_161407.jpg,20260512_161407.jpg,20260512-161407__qr-Plot72-Spalte2-Reihe12-R4S-197-S__b7304bb6,0.5,4000,3000,2000,1500,Plot72_Spalte2_Reihe12_R4S_197_S,generic_underscore_tokens,,,,,,True,Plot72_Spalte2_Reihe12_R4S_197_S,opencv_right_strip_full_height_rgb_scale_1,"[[2910.94921875, 893.9905395507812], [2913.0, 1303.0], [2496.0, 1311.0291748046875], [2498.0, 896.0]]","[2496, 893, 2913, 1312]","[1248, 446, 1457, 656]","[[1455.474609375, 446.9952697753906], [1456.5, 651.5], [1248.0, 655.5145874023438], [1249.0, 448.0]]",output/metadata/20260512-161407__qr-Plot72-Spalte2-Reihe12-R4S-197-S__b7304bb6__qr.txt,output/metadata/20260512-161407__qr-Plot72-Spalte2-Reihe12-R4S-197-S__b7304bb6__qr.json,auto,160,1840,120,1380,1680,1260,working_pixels,40,40,0,0,40,0.8270157785336357,37,3,output/labels/20260512-161407__qr-Plot72-Spalte2-Reihe12-R4S-197-S__b7304bb6__labels.tif,output/overlays/20260512-161407__qr-Plot72-Spalte2-Reihe12-R4S-197-S__b7304bb6__labeled.png,output/stats/20260512-161407__qr-Plot72-Spalte2-Reihe12-R4S-197-S__b7304bb6__worms.csv,6.0,Plot72,Spalte2,Reihe12,R4S,197.0,S
images/20260512_162358.jpg,20260512_162358.jpg,20260512-162358__qr-Plot144-Spalte3-Reihe24-R4S-220__adba7ea1,0.5,4000,3000,2000,1500,Plot144_Spalte3_Reihe24_R4S_220_,plot_spalte_reihe_condition_sample,144.0,3.0,24.0,R4S,220.0,True,Plot144_Spalte3_Reihe24_R4S_220_,opencv_right_strip_full_height_gray_scale_1,"[[2835.0, 1090.0], [2838.0, 1496.0], [2430.6482543945312, 1498.9144287109375], [2427.0, 1094.0]]","[2427, 1090, 2838, 1499]","[1213, 545, 1419, 750]","[[1417.5, 545.0], [1419.0, 748.0], [1215.3241271972656, 749.4572143554688], [1213.5, 547.0]]",output/metadata/20260512-162358__qr-Plot144-Spalte3-Reihe24-R4S-220__adba7ea1__qr.txt,output/metadata/20260512-162358__qr-Plot144-Spalte3-Reihe24-R4S-220__adba7ea1__qr.json,auto,225,1985,15,1485,1760,1470,working_pixels,101,101,0,0,101,0.6632285868893012,98,3,output/labels/20260512-162358__qr-Plot144-Spalte3-Reihe24-R4S-220__adba7ea1__labels.tif,output/overlays/20260512-162358__qr-Plot144-Spalte3-Reihe24-R4S-220__adba7ea1__labeled.png,output/stats/20260512-162358__qr-Plot144-Spalte3-Reihe24-R4S-220__adba7ea1__worms.csv,,,,,,,
images/20260512_162534.jpg,20260512_162534.jpg,20260512-162534__qr-Plot144-Spalte3-Reihe24-R4S-220__fadd3466,0.5,4000,3000,2000,1500,Plot144_Spalte3_Reihe24_R4S_220_,plot_spalte_reihe_condition_sample,144.0,3.0,24.0,R4S,220.0,True,Plot144_Spalte3_Reihe24_R4S_220_,opencv_right_card_middle_large_gray_scale_2,"[[2956.5, 1091.5], [2935.2686767578125, 1504.4290771484375], [2515.7662353515625, 1482.4943237304688], [2541.0, 1071.5]]","[2515, 1071, 2957, 1505]","[1257, 535, 1479, 753]","[[1478.25, 545.75], [1467.6343383789062, 752.2145385742188], [1257.8831176757812, 741.2471618652344], [1270.5, 535.75]]",output/metadata/20260512-162534__qr-Plot144-Spalte3-Reihe24-R4S-220__fadd3466__qr.txt,output/metadata/20260512-162534__qr-Plot144-Spalte3-Reihe24-R4S-220__fadd3466__qr.json,auto,160,1840,120,1380,1680,1260,working_pixels,98,98,0,0,98,0.8052121126228269,97,1,output/labels/20260512-162534__qr-Plot144-Spalte3-Reihe24-R4S-220__fadd3466__labels.tif,output/overlays/20260512-162534__qr-Plot144-Spalte3-Reihe24-R4S-220__fadd3466__labeled.png,output/stats/20260512-162534__qr-Plot144-Spalte3-Reihe24-R4S-220__fadd3466__worms.csv,,,,,,,
images/20260512_163004.jpg,20260512_163004.jpg,20260512-163004__qr-Plot173-Spalte3-Reihe53-R4S-396__16bfafbf,0.5,4000,3000,2000,1500,Plot173_Spalte3_Reihe53_R4S_396_,plot_spalte_reihe_condition_sample,173.0,3.0,53.0,R4S,396.0,True,Plot173_Spalte3_Reihe53_R4S_396_,opencv_right_strip_full_height_rgb_scale_1,"[[2764.7033081054688, 1198.99658203125], [2766.0, 1603.0], [2362.0264282226562, 1606.0], [2353.105926513672, 1201.00927734375]]","[2353, 1198, 2766, 1606]","[1176, 599, 1383, 803]","[[1382.3516540527344, 599.498291015625], [1383.0, 801.5], [1181.0132141113281, 803.0], [1176.552963256836, 600.504638671875]]",output/metadata/20260512-163004__qr-Plot173-Spalte3-Reihe53-R4S-396__16bfafbf__qr.txt,output/metadata/20260512-163004__qr-Plot173-Spalte3-Reihe53-R4S-396__16bfafbf__qr.json,auto,160,1840,120,1380,1680,1260,working_pixels,35,35,0,0,35,0.734303193499622,32,3,output/labels/20260512-163004__qr-Plot173-Spalte3-Reihe53-R4S-396__16bfafbf__labels.tif,output/overlays/20260512-163004__qr-Plot173-Spalte3-Reihe53-R4S-396__16bfafbf__labeled.png,output/stats/20260512-163004__qr-Plot173-Spalte3-Reihe53-R4S-396__16bfafbf__worms.csv,,,,,,,
images/20260512_163052.jpg,20260512_163052.jpg,20260512-163052__qr-Plot173-Spalte3-Reihe53-R4S-396__8f657760,0.5,4000,3000,2000,1500,Plot173_Spalte3_Reihe53_R4S_396_,plot_spalte_reihe_condition_sample,173.0,3.0,53.0,R4S,396.0,True,Plot173_Spalte3_Reihe53_R4S_396_,opencv_full_gray_scale_1,"[[2825.0, 1139.0], [2828.711181640625, 1551.9302978515625], [2411.29541015625, 1559.7763671875], [2408.0, 1146.0]]","[2408, 1139, 2829, 1560]","[1204, 569, 1415, 780]","[[1412.5, 569.5], [1414.3555908203125, 775.9651489257812], [1205.647705078125, 779.88818359375], [1204.0, 573.0]]",output/metadata/20260512-163052__qr-Plot173-Spalte3-Reihe53-R4S-396__8f657760__qr.txt,output/metadata/20260512-163052__qr-Plot173-Spalte3-Reihe53-R4S-396__8f657760__qr.json,auto,160,1840,120,1380,1680,1260,working_pixels,35,35,0,0,35,0.7539767573696146,33,2,output/labels/20260512-163052__qr-Plot173-Spalte3-Reihe53-R4S-396__8f657760__labels.tif,output/overlays/20260512-163052__qr-Plot173-Spalte3-Reihe53-R4S-396__8f657760__labeled.png,output/stats/20260512-163052__qr-Plot173-Spalte3-Reihe53-R4S-396__8f657760__worms.csv,,,,,,,
images/20260512_163957.jpg,20260512_163957.jpg,20260512-163957__qr-Plot89-Spalte2-Reihe29-R4S-263-A__df9ac347,0.5,4000,3000,2000,1500,Plot89_Spalte2_Reihe29_R4S_263_A,generic_underscore_tokens,,,,,,True,Plot89_Spalte2_Reihe29_R4S_263_A,opencv_right_strip_full_height_rgb_scale_1,"[[2811.0, 1252.0], [2809.0, 1657.0], [2404.0, 1657.0], [2404.0, 1247.19482421875]]","[2404, 1247, 2811, 1657]","[1202, 623, 1406, 829]","[[1405.5, 626.0], [1404.5, 828.5], [1202.0, 828.5], [1202.0, 623.597412109375]]",output/metadata/20260512-163957__qr-Plot89-Spalte2-Reihe29-R4S-263-A__df9ac347__qr.txt,output/metadata/20260512-163957__qr-Plot89-Spalte2-Reihe29-R4S-263-A__df9ac347__qr.json,auto,160,1840,120,1380,1680,1260,working_pixels,68,68,0,0,68,0.7234150604686319,60,8,output/labels/20260512-163957__qr-Plot89-Spalte2-Reihe29-R4S-263-A__df9ac347__labels.tif,output/overlays/20260512-163957__qr-Plot89-Spalte2-Reihe29-R4S-263-A__df9ac347__labeled.png,output/stats/20260512-163957__qr-Plot89-Spalte2-Reihe29-R4S-263-A__df9ac347__worms.csv,6.0,Plot89,Spalte2,Reihe29,R4S,263.0,A
images/20260512_164118.jpg,20260512_164118.jpg,20260512-164118__qr-Plot89-Spalte2-Reihe29-R4S-263-A__15795d9e,0.5,4000,3000,2000,1500,Plot89_Spalte2_Reihe29_R4S_263_A,generic_underscore_tokens,,,,,,True,Plot89_Spalte2_Reihe29_R4S_263_A,opencv_right_strip_full_height_rgb_scale_1,"[[2893.0, 1284.0], [2881.8407592773438, 1688.706787109375], [2472.0, 1679.0], [2489.0, 1266.0]]","[2472, 1266, 2893, 1689]","[1236, 633, 1447, 845]","[[1446.5, 642.0], [1440.9203796386719, 844.3533935546875], [1236.0, 839.5], [1244.5, 633.0]]",output/metadata/20260512-164118__qr-Plot89-Spalte2-Reihe29-R4S-263-A__15795d9e__qr.txt,output/metadata/20260512-164118__qr-Plot89-Spalte2-Reihe29-R4S-263-A__15795d9e__qr.json,auto,160,1840,120,1380,1680,1260,working_pixels,66,66,0,0,66,0.7359948979591837,56,10,output/labels/20260512-164118__qr-Plot89-Spalte2-Reihe29-R4S-263-A__15795d9e__labels.tif,output/overlays/20260512-164118__qr-Plot89-Spalte2-Reihe29-R4S-263-A__15795d9e__labeled.png,output/stats/20260512-164118__qr-Plot89-Spalte2-Reihe29-R4S-263-A__15795d9e__worms.csv,6.0,Plot89,Spalte2,Reihe29,R4S,263.0,A
images/20260512_164552.jpg,20260512_164552.jpg,20260512-164552__qr-Plot160-Spalte3-Reihe40-R4S-515__49157371,0.5,4000,3000,2000,1500,Plot160_Spalte3_Reihe40_R4S_515_,plot_spalte_reihe_condition_sample,160.0,3.0,40.0,R4S,515.0,True,Plot160_Spalte3_Reihe40_R4S_515_,opencv_full_rgb_scale_1,"[[2793.0, 1182.0], [2789.64306640625, 1589.141357421875], [2380.82275390625, 1586.9725341796875], [2383.09619140625, 1176.6173095703125]]","[2380, 1176, 2793, 1590]","[1190, 588, 1397, 795]","[[1396.5, 591.0], [1394.821533203125, 794.5706787109375], [1190.411376953125, 793.4862670898438], [1191.548095703125, 588.3086547851562]]",output/metadata/20260512-164552__qr-Plot160-Spalte3-Reihe40-R4S-515__49157371__qr.txt,output/metadata/20260512-164552__qr-Plot160-Spalte3-Reihe40-R4S-515__49157371__qr.json,auto,160,1840,120,1380,1680,1260,working_pixels,104,104,0,0,104,0.7319274376417234,92,12,output/labels/20260512-164552__qr-Plot160-Spalte3-Reihe40-R4S-515__49157371__labels.tif,output/overlays/20260512-164552__qr-Plot160-Spalte3-Reihe40-R4S-515__49157371__labeled.png,output/stats/20260512-164552__qr-Plot160-Spalte3-Reihe40-R4S-515__49157371__worms.csv,,,,,,,
images/20260512_164641.jpg,20260512_164641.jpg,20260512-164641__qr-Plot160-Spalte3-Reihe40-R4S-515__e92430c8,0.5,4000,3000,2000,1500,Plot160_Spalte3_Reihe40_R4S_515_,plot_spalte_reihe_condition_sample,160.0,3.0,40.0,R4S,515.0,True,Plot160_Spalte3_Reihe40_R4S_515_,opencv_right_strip_full_height_rgb_scale_1,"[[2826.0, 1181.0], [2811.0, 1585.0], [2402.9199829101562, 1570.1341552734375], [2420.0, 1166.0]]","[2402, 1166, 2826, 1585]","[1201, 583, 1413, 793]","[[1413.0, 590.5], [1405.5, 792.5], [1201.4599914550781, 785.0670776367188], [1210.0, 583.0]]",output/metadata/20260512-164641__qr-Plot160-Spalte3-Reihe40-R4S-515__e92430c8__qr.txt,output/metadata/20260512-164641__qr-Plot160-Spalte3-Reihe40-R4S-515__e92430c8__qr.json,auto,160,1840,120,1380,1680,1260,working_pixels,106,106,0,0,106,0.7379256424792139,91,15,output/labels/20260512-164641__qr-Plot160-Spalte3-Reihe40-R4S-515__e92430c8__labels.tif,output/overlays/20260512-164641__qr-Plot160-Spalte3-Reihe40-R4S-515__e92430c8__labeled.png,output/stats/20260512-164641__qr-Plot160-Spalte3-Reihe40-R4S-515__e92430c8__worms.csv,,,,,,,
images/20260512_165114.jpg,20260512_165114.jpg,20260512-165114__qr-Plot84-Spalte2-Reihe24-R4S-243-S__e7939294,0.5,4000,3000,2000,1500,Plot84_Spalte2_Reihe24_R4S_243_S,generic_underscore_tokens,,,,,,True,Plot84_Spalte2_Reihe24_R4S_243_S,opencv_right_strip_full_height_rgb_scale_1,"[[2869.0, 1183.0], [2858.0, 1583.0], [2451.5416259765625, 1576.586181640625], [2465.0, 1166.0]]","[2451, 1166, 2869, 1583]","[1225, 583, 1435, 792]","[[1434.5, 591.5], [1429.0, 791.5], [1225.7708129882812, 788.2930908203125], [1232.5, 583.0]]",output/metadata/20260512-165114__qr-Plot84-Spalte2-Reihe24-R4S-243-S__e7939294__qr.txt,output/metadata/20260512-165114__qr-Plot84-Spalte2-Reihe24-R4S-243-S__e7939294__qr.json,auto,160,1840,120,1380,1680,1260,working_pixels,80,80,0,0,80,0.740307067271353,76,4,output/labels/20260512-165114__qr-Plot84-Spalte2-Reihe24-R4S-243-S__e7939294__labels.tif,output/overlays/20260512-165114__qr-Plot84-Spalte2-Reihe24-R4S-243-S__e7939294__labeled.png,output/stats/20260512-165114__qr-Plot84-Spalte2-Reihe24-R4S-243-S__e7939294__worms.csv,6.0,Plot84,Spalte2,Reihe24,R4S,243.0,S
images/20260512_165202.jpg,20260512_165202.jpg,20260512-165202__qr-Plot84-Spalte2-Reihe24-R4S-243-S__817ed3e7,0.5,4000,3000,2000,1500,Plot84_Spalte2_Reihe24_R4S_243_S,generic_underscore_tokens,,,,,,True,Plot84_Spalte2_Reihe24_R4S_243_S,opencv_right_strip_full_height_rgb_scale_1.5,"[[2869.3333333333335, 1181.3333333333333], [2858.0, 1583.3333333333333], [2447.2639973958335, 1576.3056640625], [2466.6666666666665, 1165.3333333333333]]","[2447, 1165, 2870, 1584]","[1223, 582, 1435, 792]","[[1434.6666666666667, 590.6666666666666], [1429.0, 791.6666666666666], [1223.6319986979167, 788.15283203125], [1233.3333333333333, 582.6666666666666]]",output/metadata/20260512-165202__qr-Plot84-Spalte2-Reihe24-R4S-243-S__817ed3e7__qr.txt,output/metadata/20260512-165202__qr-Plot84-Spalte2-Reihe24-R4S-243-S__817ed3e7__qr.json,auto,160,1840,120,1380,1680,1260,working_pixels,77,77,0,0,77,0.7510222978080121,76,1,output/labels/20260512-165202__qr-Plot84-Spalte2-Reihe24-R4S-243-S__817ed3e7__labels.tif,output/overlays/20260512-165202__qr-Plot84-Spalte2-Reihe24-R4S-243-S__817ed3e7__labeled.png,output/stats/20260512-165202__qr-Plot84-Spalte2-Reihe24-R4S-243-S__817ed3e7__worms.csv,6.0,Plot84,Spalte2,Reihe24,R4S,243.0,S
images/20260512_170254.jpg,20260512_170254.jpg,20260512-170254__qr-Plot227-Spalte4-Reihe47-R4S-368__61cec057,0.5,4000,3000,2000,1500,Plot227_Spalte4_Reihe47_R4S_368_,plot_spalte_reihe_condition_sample,227.0,4.0,47.0,R4S,368.0,True,Plot227_Spalte4_Reihe47_R4S_368_,opencv_right_strip_full_height_rgb_scale_2,"[[2840.5, 1181.0], [2836.0, 1588.0], [2434.31689453125, 1585.68017578125], [2431.0, 1179.0]]","[2431, 1179, 2841, 1588]","[1215, 589, 1421, 794]","[[1420.25, 590.5], [1418.0, 794.0], [1217.158447265625, 792.840087890625], [1215.5, 589.5]]",output/metadata/20260512-170254__qr-Plot227-Spalte4-Reihe47-R4S-368__61cec057__qr.txt,output/metadata/20260512-170254__qr-Plot227-Spalte4-Reihe47-R4S-368__61cec057__qr.json,auto,160,1840,120,1380,1680,1260,working_pixels,89,89,0,0,89,0.7485426114890401,88,1,output/labels/20260512-170254__qr-Plot227-Spalte4-Reihe47-R4S-368__61cec057__labels.tif,output/overlays/20260512-170254__qr-Plot227-Spalte4-Reihe47-R4S-368__61cec057__labeled.png,output/stats/20260512-170254__qr-Plot227-Spalte4-Reihe47-R4S-368__61cec057__worms.csv,,,,,,,
images/20260512_170401.jpg,20260512_170401.jpg,20260512-170401__qr-Plot227-Spalte4-Reihe47-R4S-368__29e7c564,0.5,4000,3000,2000,1500,Plot227_Spalte4_Reihe47_R4S_368_,plot_spalte_reihe_condition_sample,227.0,4.0,47.0,R4S,368.0,True,Plot227_Spalte4_Reihe47_R4S_368_,opencv_right_card_upper_large_rgb_scale_1,"[[2884.0, 1163.0], [2867.0, 1573.0], [2451.8014526367188, 1561.361083984375], [2467.153839111328, 1146.84619140625]]","[2451, 1146, 2884, 1573]","[1225, 573, 1442, 787]","[[1442.0, 581.5], [1433.5, 786.5], [1225.9007263183594, 780.6805419921875], [1233.576919555664, 573.423095703125]]",output/metadata/20260512-170401__qr-Plot227-Spalte4-Reihe47-R4S-368__29e7c564__qr.txt,output/metadata/20260512-170401__qr-Plot227-Spalte4-Reihe47-R4S-368__29e7c564__qr.json,auto,160,1840,120,1380,1680,1260,working_pixels,89,89,0,0,89,0.7750146447467876,88,1,output/labels/20260512-170401__qr-Plot227-Spalte4-Reihe47-R4S-368__29e7c564__labels.tif,output/overlays/20260512-170401__qr-Plot227-Spalte4-Reihe47-R4S-368__29e7c564__labeled.png,output/stats/20260512-170401__qr-Plot227-Spalte4-Reihe47-R4S-368__29e7c564__worms.csv,,,,,,,
images/20260512_170742.jpg,20260512_170742.jpg,20260512-170742__qr-Plot7-Spalte1-Reihe7-R4S-406-S30__cbb7861f,0.5,4000,3000,2000,1500,Plot7_Spalte1_Reihe7_R4S_406_S30,generic_underscore_tokens,,,,,,True,Plot7_Spalte1_Reihe7_R4S_406_S30,opencv_right_strip_full_height_rgb_scale_1,"[[2833.0, 1152.0], [2824.0, 1557.0], [2415.758544921875, 1557.0], [2423.46484375, 1142.1412353515625]]","[2415, 1142, 2833, 1557]","[1207, 571, 1417, 779]","[[1416.5, 576.0], [1412.0, 778.5], [1207.8792724609375, 778.5], [1211.732421875, 571.0706176757812]]",output/metadata/20260512-170742__qr-Plot7-Spalte1-Reihe7-R4S-406-S30__cbb7861f__qr.txt,output/metadata/20260512-170742__qr-Plot7-Spalte1-Reihe7-R4S-406-S30__cbb7861f__qr.json,auto,160,1840,120,1380,1680,1260,working_pixels,103,103,0,0,103,0.756073790627362,75,28,output/labels/20260512-170742__qr-Plot7-Spalte1-Reihe7-R4S-406-S30__cbb7861f__labels.tif,output/overlays/20260512-170742__qr-Plot7-Spalte1-Reihe7-R4S-406-S30__cbb7861f__labeled.png,output/stats/20260512-170742__qr-Plot7-Spalte1-Reihe7-R4S-406-S30__cbb7861f__worms.csv,6.0,Plot7,Spalte1,Reihe7,R4S,406.0,S30
images/20260512_170852.jpg,20260512_170852.jpg,20260512-170852__qr-Plot7-Spalte1-Reihe7-R4S-406-S30__2a11222f,0.5,4000,3000,2000,1500,Plot7_Spalte1_Reihe7_R4S_406_S30,generic_underscore_tokens,,,,,,True,Plot7_Spalte1_Reihe7_R4S_406_S30,opencv_right_strip_full_height_rgb_scale_1.5,"[[2904.666666666667, 1136.6666666666667], [2891.333333333333, 1545.3333333333333], [2471.180704752604, 1556.7615559895833], [2488.6666666666665, 1128.0]]","[2471, 1128, 2905, 1557]","[1235, 564, 1453, 779]","[[1452.3333333333335, 568.3333333333334], [1445.6666666666665, 772.6666666666666], [1235.590352376302, 778.3807779947916], [1244.3333333333333, 564.0]]",output/metadata/20260512-170852__qr-Plot7-Spalte1-Reihe7-R4S-406-S30__2a11222f__qr.txt,output/metadata/20260512-170852__qr-Plot7-Spalte1-Reihe7-R4S-406-S30__2a11222f__qr.json,auto,247,1933,15,1485,1686,1470,working_pixels,99,99,0,0,99,0.8527719272762486,78,21,output/labels/20260512-170852__qr-Plot7-Spalte1-Reihe7-R4S-406-S30__2a11222f__labels.tif,output/overlays/20260512-170852__qr-Plot7-Spalte1-Reihe7-R4S-406-S30__2a11222f__labeled.png,output/stats/20260512-170852__qr-Plot7-Spalte1-Reihe7-R4S-406-S30__2a11222f__worms.csv,6.0,Plot7,Spalte1,Reihe7,R4S,406.0,S30
images/20260512_171049.jpg,20260512_171049.jpg,20260512-171049__qr-Plot7-Spalte1-Reihe7-R4S-406-S30__8c0ed05e,0.5,4000,3000,2000,1500,Plot7_Spalte1_Reihe7_R4S_406_S30,generic_underscore_tokens,,,,,,True,Plot7_Spalte1_Reihe7_R4S_406_S30,opencv_right_strip_full_height_rgb_scale_2,"[[2902.5, 1136.5], [2891.5, 1546.0], [2476.3228759765625, 1546.0], [2487.0, 1128.0]]","[2476, 1128, 2903, 1546]","[1238, 564, 1452, 773]","[[1451.25, 568.25], [1445.75, 773.0], [1238.1614379882812, 773.0], [1243.5, 564.0]]",output/metadata/20260512-171049__qr-Plot7-Spalte1-Reihe7-R4S-406-S30__8c0ed05e__qr.txt,output/metadata/20260512-171049__qr-Plot7-Spalte1-Reihe7-R4S-406-S30__8c0ed05e__qr.json,auto,160,1840,120,1380,1680,1260,working_pixels,59,59,0,0,59,0.7803339947089947,57,2,output/labels/20260512-171049__qr-Plot7-Spalte1-Reihe7-R4S-406-S30__8c0ed05e__labels.tif,output/overlays/20260512-171049__qr-Plot7-Spalte1-Reihe7-R4S-406-S30__8c0ed05e__labeled.png,output/stats/20260512-171049__qr-Plot7-Spalte1-Reihe7-R4S-406-S30__8c0ed05e__worms.csv,6.0,Plot7,Spalte1,Reihe7,R4S,406.0,S30
images/20260513_150329.jpg,20260513_150329.jpg,20260513-150329__qr-Plot281-Spalte5-Reihe41-R4S-202__c62719b3,0.5,4000,3000,2000,1500,Plot281_Spalte5_Reihe41_R4S_202_,plot_spalte_reihe_condition_sample,281.0,5.0,41.0,R4S,202.0,True,Plot281_Spalte5_Reihe41_R4S_202_,opencv_full_rgb_scale_1,"[[2873.0, 1249.0], [2864.0, 1660.0], [2442.0, 1656.0], [2453.056640625, 1241.8819580078125]]","[2442, 1241, 2873, 1660]","[1221, 620, 1437, 830]","[[1436.5, 624.5], [1432.0, 830.0], [1221.0, 828.0], [1226.5283203125, 620.9409790039062]]",output/metadata/20260513-150329__qr-Plot281-Spalte5-Reihe41-R4S-202__c62719b3__qr.txt,output/metadata/20260513-150329__qr-Plot281-Spalte5-Reihe41-R4S-202__c62719b3__qr.json,auto,160,1840,120,1380,1680,1260,working_pixels,66,66,0,0,66,0.7382865646258503,65,1,output/labels/20260513-150329__qr-Plot281-Spalte5-Reihe41-R4S-202__c62719b3__labels.tif,output/overlays/20260513-150329__qr-Plot281-Spalte5-Reihe41-R4S-202__c62719b3__labeled.png,output/stats/20260513-150329__qr-Plot281-Spalte5-Reihe41-R4S-202__c62719b3__worms.csv,,,,,,,
images/20260513_150415.jpg,20260513_150415.jpg,20260513-150415__qr-Plot281-Spalte5-Reihe41-R4S-202__554a3597,0.5,4000,3000,2000,1500,Plot281_Spalte5_Reihe41_R4S_202_,plot_spalte_reihe_condition_sample,281.0,5.0,41.0,R4S,202.0,True,Plot281_Spalte5_Reihe41_R4S_202_,opencv_full_rgb_scale_1,"[[2957.0, 1259.0], [2941.0, 1671.0], [2523.888916015625, 1660.776611328125], [2538.0, 1246.0]]","[2523, 1246, 2957, 1671]","[1261, 623, 1479, 836]","[[1478.5, 629.5], [1470.5, 835.5], [1261.9444580078125, 830.3883056640625], [1269.0, 623.0]]",output/metadata/20260513-150415__qr-Plot281-Spalte5-Reihe41-R4S-202__554a3597__qr.txt,output/metadata/20260513-150415__qr-Plot281-Spalte5-Reihe41-R4S-202__554a3597__qr.json,auto,160,1840,120,1380,1680,1260,working_pixels,66,66,0,0,66,0.7552858087679516,65,1,output/labels/20260513-150415__qr-Plot281-Spalte5-Reihe41-R4S-202__554a3597__labels.tif,output/overlays/20260513-150415__qr-Plot281-Spalte5-Reihe41-R4S-202__554a3597__labeled.png,output/stats/20260513-150415__qr-Plot281-Spalte5-Reihe41-R4S-202__554a3597__worms.csv,,,,,,,
images/20260513_153034.jpg,20260513_153034.jpg,20260513-153034__qr-Plot41-Spalte1-Reihe41-R4S-471-H__dcf7e232,0.5,4000,3000,2000,1500,Plot41_Spalte1_Reihe41_R4S_471_H,generic_underscore_tokens,,,,,,True,Plot41_Spalte1_Reihe41_R4S_471_H,opencv_right_strip_full_height_rgb_scale_1,"[[2783.6719970703125, 1235.0126953125], [2784.0, 1637.0], [2375.0277099609375, 1641.0491943359375], [2375.0, 1235.0]]","[2375, 1235, 2784, 1642]","[1187, 617, 1392, 821]","[[1391.8359985351562, 617.50634765625], [1392.0, 818.5], [1187.5138549804688, 820.5245971679688], [1187.5, 617.5]]",output/metadata/20260513-153034__qr-Plot41-Spalte1-Reihe41-R4S-471-H__dcf7e232__qr.txt,output/metadata/20260513-153034__qr-Plot41-Spalte1-Reihe41-R4S-471-H__dcf7e232__qr.json,auto,160,1840,120,1380,1680,1260,working_pixels,24,24,0,0,24,0.7200718065003779,23,1,output/labels/20260513-153034__qr-Plot41-Spalte1-Reihe41-R4S-471-H__dcf7e232__labels.tif,output/overlays/20260513-153034__qr-Plot41-Spalte1-Reihe41-R4S-471-H__dcf7e232__labeled.png,output/stats/20260513-153034__qr-Plot41-Spalte1-Reihe41-R4S-471-H__dcf7e232__worms.csv,6.0,Plot41,Spalte1,Reihe41,R4S,471.0,H
images/20260513_153113.jpg,20260513_153113.jpg,20260513-153113__qr-Plot41-Spalte1-Reihe41-R4S-471-H__a1d54b16,0.5,4000,3000,2000,1500,Plot41_Spalte1_Reihe41_R4S_471_H,generic_underscore_tokens,,,,,,True,Plot41_Spalte1_Reihe41_R4S_471_H,opencv_right_strip_full_height_rgb_scale_1,"[[2786.0, 1246.0], [2782.0, 1650.0], [2378.0, 1647.3013916015625], [2380.0, 1239.0]]","[2378, 1239, 2786, 1650]","[1189, 619, 1393, 825]","[[1393.0, 623.0], [1391.0, 825.0], [1189.0, 823.6506958007812], [1190.0, 619.5]]",output/metadata/20260513-153113__qr-Plot41-Spalte1-Reihe41-R4S-471-H__a1d54b16__qr.txt,output/metadata/20260513-153113__qr-Plot41-Spalte1-Reihe41-R4S-471-H__a1d54b16__qr.json,auto,335,1985,15,1485,1650,1470,working_pixels,35,35,0,0,35,0.7969264069264069,29,6,output/labels/20260513-153113__qr-Plot41-Spalte1-Reihe41-R4S-471-H__a1d54b16__labels.tif,output/overlays/20260513-153113__qr-Plot41-Spalte1-Reihe41-R4S-471-H__a1d54b16__labeled.png,output/stats/20260513-153113__qr-Plot41-Spalte1-Reihe41-R4S-471-H__a1d54b16__worms.csv,6.0,Plot41,Spalte1,Reihe41,R4S,471.0,H
images/20260513_153414.jpg,20260513_153414.jpg,20260513-153414__qr-Plot261-Spalte5-Reihe21-R4S-540__bcb57e4f,0.5,4000,3000,2000,1500,Plot261_Spalte5_Reihe21_R4S_540_,plot_spalte_reihe_condition_sample,261.0,5.0,21.0,R4S,540.0,True,Plot261_Spalte5_Reihe21_R4S_540_,opencv_right_strip_full_height_gray_scale_1.5,"[[2780.0, 1308.0], [2773.3333333333335, 1714.6666666666667], [2363.69482421875, 1708.3984375], [2370.6666666666665, 1303.3333333333333]]","[2363, 1303, 2780, 1715]","[1181, 651, 1390, 858]","[[1390.0, 654.0], [1386.6666666666667, 857.3333333333334], [1181.847412109375, 854.19921875], [1185.3333333333333, 651.6666666666666]]",output/metadata/20260513-153414__qr-Plot261-Spalte5-Reihe21-R4S-540__bcb57e4f__qr.txt,output/metadata/20260513-153414__qr-Plot261-Spalte5-Reihe21-R4S-540__bcb57e4f__qr.json,auto,160,1840,120,1380,1680,1260,working_pixels,89,89,0,0,89,0.7147137188208617,87,2,output/labels/20260513-153414__qr-Plot261-Spalte5-Reihe21-R4S-540__bcb57e4f__labels.tif,output/overlays/20260513-153414__qr-Plot261-Spalte5-Reihe21-R4S-540__bcb57e4f__labeled.png,output/stats/20260513-153414__qr-Plot261-Spalte5-Reihe21-R4S-540__bcb57e4f__worms.csv,,,,,,,
images/20260513_153505.jpg,20260513_153505.jpg,20260513-153505__qr-Plot261-Spalte5-Reihe21-R4S-540__e2cdeb84,0.5,4000,3000,2000,1500,Plot261_Spalte5_Reihe21_R4S_540_,plot_spalte_reihe_condition_sample,261.0,5.0,21.0,R4S,540.0,True,Plot261_Spalte5_Reihe21_R4S_540_,opencv_full_gray_scale_1,"[[2864.0, 1293.0], [2848.0, 1700.0], [2435.793212890625, 1685.943115234375], [2444.087158203125, 1279.5634765625]]","[2435, 1279, 2864, 1700]","[1217, 639, 1432, 850]","[[1432.0, 646.5], [1424.0, 850.0], [1217.8966064453125, 842.9715576171875], [1222.0435791015625, 639.78173828125]]",output/metadata/20260513-153505__qr-Plot261-Spalte5-Reihe21-R4S-540__e2cdeb84__qr.txt,output/metadata/20260513-153505__qr-Plot261-Spalte5-Reihe21-R4S-540__e2cdeb84__qr.json,auto,160,1840,120,1380,1680,1260,working_pixels,91,91,0,0,91,0.7338534580498867,89,2,output/labels/20260513-153505__qr-Plot261-Spalte5-Reihe21-R4S-540__e2cdeb84__labels.tif,output/overlays/20260513-153505__qr-Plot261-Spalte5-Reihe21-R4S-540__e2cdeb84__labeled.png,output/stats/20260513-153505__qr-Plot261-Spalte5-Reihe21-R4S-540__e2cdeb84__worms.csv,,,,,,,
images/20260513_153855.jpg,20260513_153855.jpg,20260513-153855__qr-Plot110-Spalte2-Reihe50-R4S-382__f7579c33,0.5,4000,3000,2000,1500,Plot110_Spalte2_Reihe50_R4S_382_,plot_spalte_reihe_condition_sample,110.0,2.0,50.0,R4S,382.0,True,Plot110_Spalte2_Reihe50_R4S_382_,opencv_full_gray_scale_1,"[[2786.0, 1303.0], [2785.0, 1702.0], [2376.83642578125, 1698.56982421875], [2380.0, 1293.0]]","[2376, 1293, 2786, 1702]","[1188, 646, 1393, 851]","[[1393.0, 651.5], [1392.5, 851.0], [1188.418212890625, 849.284912109375], [1190.0, 646.5]]",output/metadata/20260513-153855__qr-Plot110-Spalte2-Reihe50-R4S-382__f7579c33__qr.txt,output/metadata/20260513-153855__qr-Plot110-Spalte2-Reihe50-R4S-382__f7579c33__qr.json,auto,160,1840,120,1380,1680,1260,working_pixels,31,31,0,0,31,0.7122978080120937,24,7,output/labels/20260513-153855__qr-Plot110-Spalte2-Reihe50-R4S-382__f7579c33__labels.tif,output/overlays/20260513-153855__qr-Plot110-Spalte2-Reihe50-R4S-382__f7579c33__labeled.png,output/stats/20260513-153855__qr-Plot110-Spalte2-Reihe50-R4S-382__f7579c33__worms.csv,,,,,,,
images/20260513_153927.jpg,20260513_153927.jpg,20260513-153927__qr-Plot110-Spalte2-Reihe50-R4S-382__d340ba6b,0.5,4000,3000,2000,1500,Plot110_Spalte2_Reihe50_R4S_382_,plot_spalte_reihe_condition_sample,110.0,2.0,50.0,R4S,382.0,True,Plot110_Spalte2_Reihe50_R4S_382_,opencv_right_strip_full_height_rgb_scale_1,"[[2806.0, 1299.0], [2800.0, 1710.0], [2383.2012939453125, 1702.1912841796875], [2395.0, 1293.0]]","[2383, 1293, 2806, 1710]","[1191, 646, 1403, 855]","[[1403.0, 649.5], [1400.0, 855.0], [1191.6006469726562, 851.0956420898438], [1197.5, 646.5]]",output/metadata/20260513-153927__qr-Plot110-Spalte2-Reihe50-R4S-382__d340ba6b__qr.txt,output/metadata/20260513-153927__qr-Plot110-Spalte2-Reihe50-R4S-382__d340ba6b__qr.json,auto,160,1840,120,1380,1680,1260,working_pixels,29,29,0,0,29,0.7210695389266818,24,5,output/labels/20260513-153927__qr-Plot110-Spalte2-Reihe50-R4S-382__d340ba6b__labels.tif,output/overlays/20260513-153927__qr-Plot110-Spalte2-Reihe50-R4S-382__d340ba6b__labeled.png,output/stats/20260513-153927__qr-Plot110-Spalte2-Reihe50-R4S-382__d340ba6b__worms.csv,,,,,,,
images/20260513_154233.jpg,20260513_154233.jpg,20260513-154233__qr-Plot193-Spalte4-Reihe13-R4S-504__39002b1b,0.5,4000,3000,2000,1500,Plot193_Spalte4_Reihe13_R4S_504_,plot_spalte_reihe_condition_sample,193.0,4.0,13.0,R4S,504.0,True,Plot193_Spalte4_Reihe13_R4S_504_,opencv_right_strip_full_height_rgb_scale_1.5,"[[2780.0, 1239.3333333333333], [2771.3333333333335, 1643.3333333333333], [2367.5397135416665, 1640.1857096354167], [2368.6666666666665, 1232.0]]","[2367, 1232, 2780, 1644]","[1183, 616, 1390, 822]","[[1390.0, 619.6666666666666], [1385.6666666666667, 821.6666666666666], [1183.7698567708333, 820.0928548177084], [1184.3333333333333, 616.0]]",output/metadata/20260513-154233__qr-Plot193-Spalte4-Reihe13-R4S-504__39002b1b__qr.txt,output/metadata/20260513-154233__qr-Plot193-Spalte4-Reihe13-R4S-504__39002b1b__qr.json,auto,160,1840,120,1380,1680,1260,working_pixels,108,108,0,0,108,0.7203963529856388,102,6,output/labels/20260513-154233__qr-Plot193-Spalte4-Reihe13-R4S-504__39002b1b__labels.tif,output/overlays/20260513-154233__qr-Plot193-Spalte4-Reihe13-R4S-504__39002b1b__labeled.png,output/stats/20260513-154233__qr-Plot193-Spalte4-Reihe13-R4S-504__39002b1b__worms.csv,,,,,,,
images/20260513_154320.jpg,20260513_154320.jpg,20260513-154320__qr-Plot193-Spalte4-Reihe13-R4S-504__2b7936c3,0.5,4000,3000,2000,1500,Plot193_Spalte4_Reihe13_R4S_504_,plot_spalte_reihe_condition_sample,193.0,4.0,13.0,R4S,504.0,True,Plot193_Spalte4_Reihe13_R4S_504_,opencv_right_strip_full_height_rgb_scale_1,"[[2869.0, 1210.0], [2854.8218994140625, 1619.37451171875], [2438.769775390625, 1611.8916015625], [2449.0, 1201.0]]","[2438, 1201, 2869, 1620]","[1219, 600, 1435, 810]","[[1434.5, 605.0], [1427.4109497070312, 809.687255859375], [1219.3848876953125, 805.94580078125], [1224.5, 600.5]]",output/metadata/20260513-154320__qr-Plot193-Spalte4-Reihe13-R4S-504__2b7936c3__qr.txt,output/metadata/20260513-154320__qr-Plot193-Spalte4-Reihe13-R4S-504__2b7936c3__qr.json,auto,160,1840,120,1380,1680,1260,working_pixels,98,98,0,0,98,0.7401336923658353,94,4,output/labels/20260513-154320__qr-Plot193-Spalte4-Reihe13-R4S-504__2b7936c3__labels.tif,output/overlays/20260513-154320__qr-Plot193-Spalte4-Reihe13-R4S-504__2b7936c3__labeled.png,output/stats/20260513-154320__qr-Plot193-Spalte4-Reihe13-R4S-504__2b7936c3__worms.csv,,,,,,,
images/20260513_154544.jpg,20260513_154544.jpg,20260513-154544__qr-Plot58-Spalte1-Reihe58-R4S-398-B__61a7cdf3,0.5,4000,3000,2000,1500,Plot58_Spalte1_Reihe58_R4S_398_B,generic_underscore_tokens,,,,,,True,Plot58_Spalte1_Reihe58_R4S_398_B,working_image_mapped_to_original:opencv_full_rgb_scale_2,"[[2755.0, 1237.0], [2759.0, 1642.0], [2348.0, 1650.0155029296875], [2348.0, 1235.143798828125]]","[2348, 1234, 2760, 1652]","[1174, 617, 1380, 826]","[[1377.5, 618.5], [1379.5, 821.0], [1174.0, 825.0077514648438], [1174.0, 617.5718994140625]]",output/metadata/20260513-154544__qr-Plot58-Spalte1-Reihe58-R4S-398-B__61a7cdf3__qr.txt,output/metadata/20260513-154544__qr-Plot58-Spalte1-Reihe58-R4S-398-B__61a7cdf3__qr.json,auto,160,1840,120,1380,1680,1260,working_pixels,32,32,0,0,32,0.7048870937263795,31,1,output/labels/20260513-154544__qr-Plot58-Spalte1-Reihe58-R4S-398-B__61a7cdf3__labels.tif,output/overlays/20260513-154544__qr-Plot58-Spalte1-Reihe58-R4S-398-B__61a7cdf3__labeled.png,output/stats/20260513-154544__qr-Plot58-Spalte1-Reihe58-R4S-398-B__61a7cdf3__worms.csv,6.0,Plot58,Spalte1,Reihe58,R4S,398.0,B
images/20260513_154612.jpg,20260513_154612.jpg,20260513-154612__qr-NOQR__984bd420,0.5,4000,3000,2000,1500,,,,,,,,False,,none,,,,,output/metadata/20260513-154612__qr-NOQR__984bd420__qr.txt,output/metadata/20260513-154612__qr-NOQR__984bd420__qr.json,auto,160,1840,120,1380,1680,1260,working_pixels,29,29,0,0,29,0.7108753779289494,29,0,output/labels/20260513-154612__qr-NOQR__984bd420__labels.tif,output/overlays/20260513-154612__qr-NOQR__984bd420__labeled.png,output/stats/20260513-154612__qr-NOQR__984bd420__worms.csv,,,,,,,
images/20260513_154927.jpg,20260513_154927.jpg,20260513-154927__qr-Plot108-Spalte2-Reihe48-R4S-211__5a26e995,0.5,4000,3000,2000,1500,Plot108_Spalte2_Reihe48_R4S_211_,plot_spalte_reihe_condition_sample,108.0,2.0,48.0,R4S,211.0,True,Plot108_Spalte2_Reihe48_R4S_211_,opencv_right_strip_full_height_rgb_scale_1,"[[2867.0, 1333.0], [2869.0, 1741.0], [2451.0, 1744.0], [2453.0, 1335.0]]","[2451, 1333, 2869, 1744]","[1225, 666, 1435, 872]","[[1433.5, 666.5], [1434.5, 870.5], [1225.5, 872.0], [1226.5, 667.5]]",output/metadata/20260513-154927__qr-Plot108-Spalte2-Reihe48-R4S-211__5a26e995__qr.txt,output/metadata/20260513-154927__qr-Plot108-Spalte2-Reihe48-R4S-211__5a26e995__qr.json,auto,160,1840,120,1380,1680,1260,working_pixels,46,46,0,0,46,0.7207936507936508,40,6,output/labels/20260513-154927__qr-Plot108-Spalte2-Reihe48-R4S-211__5a26e995__labels.tif,output/overlays/20260513-154927__qr-Plot108-Spalte2-Reihe48-R4S-211__5a26e995__labeled.png,output/stats/20260513-154927__qr-Plot108-Spalte2-Reihe48-R4S-211__5a26e995__worms.csv,,,,,,,
images/20260513_155503.jpg,20260513_155503.jpg,20260513-155503__qr-Plot50-Spalte1-Reihe50-R4S-275-H__d58c4c56,0.5,4000,3000,2000,1500,Plot50_Spalte1_Reihe50_R4S_275_H,generic_underscore_tokens,,,,,,True,Plot50_Spalte1_Reihe50_R4S_275_H,opencv_right_strip_full_height_rgb_scale_1,"[[2754.3005981445312, 1466.0113525390625], [2753.0, 1873.0], [2332.9596557617188, 1875.0], [2341.2828979492188, 1462.4041748046875]]","[2332, 1462, 2755, 1875]","[1166, 731, 1378, 938]","[[1377.1502990722656, 733.0056762695312], [1376.5, 936.5], [1166.4798278808594, 937.5], [1170.6414489746094, 731.2020874023438]]",output/metadata/20260513-155503__qr-Plot50-Spalte1-Reihe50-R4S-275-H__d58c4c56__qr.txt,output/metadata/20260513-155503__qr-Plot50-Spalte1-Reihe50-R4S-275-H__d58c4c56__qr.json,auto,160,1840,120,1380,1680,1260,working_pixels,27,27,0,0,27,0.6479657974300831,26,1,output/labels/20260513-155503__qr-Plot50-Spalte1-Reihe50-R4S-275-H__d58c4c56__labels.tif,output/overlays/20260513-155503__qr-Plot50-Spalte1-Reihe50-R4S-275-H__d58c4c56__labeled.png,output/stats/20260513-155503__qr-Plot50-Spalte1-Reihe50-R4S-275-H__d58c4c56__worms.csv,6.0,Plot50,Spalte1,Reihe50,R4S,275.0,H
images/20260513_155530.jpg,20260513_155530.jpg,20260513-155530__qr-Plot50-Spalte1-Reihe50-R4S-275-H__9e2aab08,0.5,4000,3000,2000,1500,Plot50_Spalte1_Reihe50_R4S_275_H,generic_underscore_tokens,,,,,,True,Plot50_Spalte1_Reihe50_R4S_275_H,opencv_right_strip_full_height_rgb_scale_1,"[[2833.0, 1477.0], [2830.5303344726562, 1885.1036376953125], [2407.8150634765625, 1880.5089111328125], [2419.5542602539062, 1467.29052734375]]","[2407, 1467, 2833, 1886]","[1203, 733, 1417, 943]","[[1416.5, 738.5], [1415.2651672363281, 942.5518188476562], [1203.9075317382812, 940.2544555664062], [1209.7771301269531, 733.645263671875]]",output/metadata/20260513-155530__qr-Plot50-Spalte1-Reihe50-R4S-275-H__9e2aab08__qr.txt,output/metadata/20260513-155530__qr-Plot50-Spalte1-Reihe50-R4S-275-H__9e2aab08__qr.json,auto,160,1840,120,1380,1680,1260,working_pixels,28,28,0,0,28,0.6601558956916099,28,0,output/labels/20260513-155530__qr-Plot50-Spalte1-Reihe50-R4S-275-H__9e2aab08__labels.tif,output/overlays/20260513-155530__qr-Plot50-Spalte1-Reihe50-R4S-275-H__9e2aab08__labeled.png,output/stats/20260513-155530__qr-Plot50-Spalte1-Reihe50-R4S-275-H__9e2aab08__worms.csv,6.0,Plot50,Spalte1,Reihe50,R4S,275.0,H
images/20260513_155752.jpg,20260513_155752.jpg,20260513-155752__qr-Plot31-Spalte1-Reihe31-R4S-181-E__0f27cf3d,0.5,4000,3000,2000,1500,Plot31_Spalte1_Reihe31_R4S_181_E,generic_underscore_tokens,,,,,,True,Plot31_Spalte1_Reihe31_R4S_181_E,opencv_right_strip_full_height_rgb_scale_1,"[[2840.0, 1273.0], [2849.0, 1675.0], [2440.630859375, 1691.4774169921875], [2431.4423217773438, 1276.681884765625]]","[2431, 1273, 2849, 1692]","[1215, 636, 1425, 846]","[[1420.0, 636.5], [1424.5, 837.5], [1220.3154296875, 845.7387084960938], [1215.7211608886719, 638.3409423828125]]",output/metadata/20260513-155752__qr-Plot31-Spalte1-Reihe31-R4S-181-E__0f27cf3d__qr.txt,output/metadata/20260513-155752__qr-Plot31-Spalte1-Reihe31-R4S-181-E__0f27cf3d__qr.json,auto,160,1840,120,1380,1680,1260,working_pixels,73,73,0,0,73,0.722937925170068,72,1,output/labels/20260513-155752__qr-Plot31-Spalte1-Reihe31-R4S-181-E__0f27cf3d__labels.tif,output/overlays/20260513-155752__qr-Plot31-Spalte1-Reihe31-R4S-181-E__0f27cf3d__labeled.png,output/stats/20260513-155752__qr-Plot31-Spalte1-Reihe31-R4S-181-E__0f27cf3d__worms.csv,6.0,Plot31,Spalte1,Reihe31,R4S,181.0,E
images/20260513_161256.jpg,20260513_161256.jpg,20260513-161256__qr-Plot188-Spalte4-Reihe8-R4S-436-R__797f094a,0.5,4000,3000,2000,1500,Plot188_Spalte4_Reihe8_R4S_436_R,generic_underscore_tokens,,,,,,True,Plot188_Spalte4_Reihe8_R4S_436_R,opencv_right_strip_full_height_rgb_scale_1,"[[2889.0, 1277.0], [2882.0, 1681.0], [2470.93115234375, 1676.9329833984375], [2480.0, 1270.0]]","[2470, 1270, 2889, 1681]","[1235, 635, 1445, 841]","[[1444.5, 638.5], [1441.0, 840.5], [1235.465576171875, 838.4664916992188], [1240.0, 635.0]]",output/metadata/20260513-161256__qr-Plot188-Spalte4-Reihe8-R4S-436-R__797f094a__qr.txt,output/metadata/20260513-161256__qr-Plot188-Spalte4-Reihe8-R4S-436-R__797f094a__qr.json,auto,341,1985,28,1485,1644,1457,working_pixels,149,149,0,0,149,0.773472555512694,138,11,output/labels/20260513-161256__qr-Plot188-Spalte4-Reihe8-R4S-436-R__797f094a__labels.tif,output/overlays/20260513-161256__qr-Plot188-Spalte4-Reihe8-R4S-436-R__797f094a__labeled.png,output/stats/20260513-161256__qr-Plot188-Spalte4-Reihe8-R4S-436-R__797f094a__worms.csv,6.0,Plot188,Spalte4,Reihe8,R4S,436.0,R
images/20260513_162344.jpg,20260513_162344.jpg,20260513-162344__qr-Plot9-Spalte1-Reihe9-R4S-209-Fal__f5875521,0.5,4000,3000,2000,1500,Plot9_Spalte1_Reihe9_R4S_209_Fal,generic_underscore_tokens,,,,,,True,Plot9_Spalte1_Reihe9_R4S_209_Fal,opencv_right_strip_full_height_rgb_scale_1,"[[2860.0, 1357.0], [2851.0, 1759.0], [2446.9047241210938, 1753.4306640625], [2451.0, 1346.0]]","[2446, 1346, 2860, 1759]","[1223, 673, 1430, 880]","[[1430.0, 678.5], [1425.5, 879.5], [1223.4523620605469, 876.71533203125], [1225.5, 673.0]]",output/metadata/20260513-162344__qr-Plot9-Spalte1-Reihe9-R4S-209-Fal__f5875521__qr.txt,output/metadata/20260513-162344__qr-Plot9-Spalte1-Reihe9-R4S-209-Fal__f5875521__qr.json,auto,160,1840,120,1380,1680,1260,working_pixels,77,76,0,0,76,0.7078939909297052,73,3,output/labels/20260513-162344__qr-Plot9-Spalte1-Reihe9-R4S-209-Fal__f5875521__labels.tif,output/overlays/20260513-162344__qr-Plot9-Spalte1-Reihe9-R4S-209-Fal__f5875521__labeled.png,output/stats/20260513-162344__qr-Plot9-Spalte1-Reihe9-R4S-209-Fal__f5875521__worms.csv,6.0,Plot9,Spalte1,Reihe9,R4S,209.0,Fal
images/20260513_162447.jpg,20260513_162447.jpg,20260513-162447__qr-Plot9-Spalte1-Reihe9-R4S-209-Fal__4d30a92e,0.5,4000,3000,2000,1500,Plot9_Spalte1_Reihe9_R4S_209_Fal,generic_underscore_tokens,,,,,,True,Plot9_Spalte1_Reihe9_R4S_209_Fal,opencv_right_strip_full_height_rgb_scale_1,"[[2858.0, 1348.0], [2851.0, 1752.0], [2441.9520263671875, 1746.441650390625], [2449.9954223632812, 1337.3770751953125]]","[2441, 1337, 2858, 1752]","[1220, 668, 1429, 876]","[[1429.0, 674.0], [1425.5, 876.0], [1220.9760131835938, 873.2208251953125], [1224.9977111816406, 668.6885375976562]]",output/metadata/20260513-162447__qr-Plot9-Spalte1-Reihe9-R4S-209-Fal__4d30a92e__qr.txt,output/metadata/20260513-162447__qr-Plot9-Spalte1-Reihe9-R4S-209-Fal__4d30a92e__qr.json,auto,160,1840,120,1380,1680,1260,working_pixels,72,72,0,0,72,0.7062183484504914,68,4,output/labels/20260513-162447__qr-Plot9-Spalte1-Reihe9-R4S-209-Fal__4d30a92e__labels.tif,output/overlays/20260513-162447__qr-Plot9-Spalte1-Reihe9-R4S-209-Fal__4d30a92e__labeled.png,output/stats/20260513-162447__qr-Plot9-Spalte1-Reihe9-R4S-209-Fal__4d30a92e__worms.csv,6.0,Plot9,Spalte1,Reihe9,R4S,209.0,Fal
images/20260513_162737.jpg,20260513_162737.jpg,20260513-162737__qr-Plot162-Spalte3-Reihe42-R4S-226__07ca9640,0.5,4000,3000,2000,1500,Plot162_Spalte3_Reihe42_R4S_226_,plot_spalte_reihe_condition_sample,162.0,3.0,42.0,R4S,226.0,True,Plot162_Spalte3_Reihe42_R4S_226_,opencv_full_rgb_scale_1,"[[2872.0, 1324.0], [2858.0, 1735.0], [2444.43359375, 1726.4049072265625], [2452.169189453125, 1314.486083984375]]","[2444, 1314, 2872, 1735]","[1222, 657, 1436, 868]","[[1436.0, 662.0], [1429.0, 867.5], [1222.216796875, 863.2024536132812], [1226.0845947265625, 657.2430419921875]]",output/metadata/20260513-162737__qr-Plot162-Spalte3-Reihe42-R4S-226__07ca9640__qr.txt,output/metadata/20260513-162737__qr-Plot162-Spalte3-Reihe42-R4S-226__07ca9640__qr.json,auto,160,1840,120,1380,1680,1260,working_pixels,34,34,0,0,34,0.718053193499622,33,1,output/labels/20260513-162737__qr-Plot162-Spalte3-Reihe42-R4S-226__07ca9640__labels.tif,output/overlays/20260513-162737__qr-Plot162-Spalte3-Reihe42-R4S-226__07ca9640__labeled.png,output/stats/20260513-162737__qr-Plot162-Spalte3-Reihe42-R4S-226__07ca9640__worms.csv,,,,,,,
images/20260513_162810.jpg,20260513_162810.jpg,20260513-162810__qr-Plot162-Spalte3-Reihe42-R4S-226__34721f6c,0.5,4000,3000,2000,1500,Plot162_Spalte3_Reihe42_R4S_226_,plot_spalte_reihe_condition_sample,162.0,3.0,42.0,R4S,226.0,True,Plot162_Spalte3_Reihe42_R4S_226_,opencv_right_strip_full_height_rgb_scale_1,"[[2917.0, 1314.0], [2903.0, 1724.0], [2486.9790649414062, 1714.2276611328125], [2495.8002319335938, 1301.8388671875]]","[2486, 1301, 2917, 1724]","[1243, 650, 1459, 862]","[[1458.5, 657.0], [1451.5, 862.0], [1243.4895324707031, 857.1138305664062], [1247.9001159667969, 650.91943359375]]",output/metadata/20260513-162810__qr-Plot162-Spalte3-Reihe42-R4S-226__34721f6c__qr.txt,output/metadata/20260513-162810__qr-Plot162-Spalte3-Reihe42-R4S-226__34721f6c__qr.json,auto,160,1840,120,1380,1680,1260,working_pixels,33,33,0,0,33,0.7225,33,0,output/labels/20260513-162810__qr-Plot162-Spalte3-Reihe42-R4S-226__34721f6c__labels.tif,output/overlays/20260513-162810__qr-Plot162-Spalte3-Reihe42-R4S-226__34721f6c__labeled.png,output/stats/20260513-162810__qr-Plot162-Spalte3-Reihe42-R4S-226__34721f6c__worms.csv,,,,,,,
images/20260513_163016.jpg,20260513_163016.jpg,20260513-163016__qr-Plot44-Spalte1-Reihe44-R4S-189-C__0ae37045,0.5,4000,3000,2000,1500,Plot44_Spalte1_Reihe44_R4S_189_C,generic_underscore_tokens,,,,,,True,Plot44_Spalte1_Reihe44_R4S_189_C,opencv_right_strip_full_height_rgb_scale_1,"[[2907.0, 1350.0], [2898.0, 1757.0], [2477.961181640625, 1748.818115234375], [2493.0, 1339.0]]","[2477, 1339, 2907, 1757]","[1238, 669, 1454, 879]","[[1453.5, 675.0], [1449.0, 878.5], [1238.9805908203125, 874.4090576171875], [1246.5, 669.5]]",output/metadata/20260513-163016__qr-Plot44-Spalte1-Reihe44-R4S-189-C__0ae37045__qr.txt,output/metadata/20260513-163016__qr-Plot44-Spalte1-Reihe44-R4S-189-C__0ae37045__qr.json,auto,160,1840,120,1380,1680,1260,working_pixels,54,54,0,0,54,0.7191992630385488,53,1,output/labels/20260513-163016__qr-Plot44-Spalte1-Reihe44-R4S-189-C__0ae37045__labels.tif,output/overlays/20260513-163016__qr-Plot44-Spalte1-Reihe44-R4S-189-C__0ae37045__labeled.png,output/stats/20260513-163016__qr-Plot44-Spalte1-Reihe44-R4S-189-C__0ae37045__worms.csv,6.0,Plot44,Spalte1,Reihe44,R4S,189.0,C
images/20260513_163040.jpg,20260513_163040.jpg,20260513-163040__qr-Plot44-Spalte1-Reihe44-R4S-189-C__dfc05cbd,0.5,4000,3000,2000,1500,Plot44_Spalte1_Reihe44_R4S_189_C,generic_underscore_tokens,,,,,,True,Plot44_Spalte1_Reihe44_R4S_189_C,opencv_right_strip_full_height_rgb_scale_1,"[[2907.0, 1350.0], [2898.0, 1757.0], [2478.8231811523438, 1748.8455810546875], [2493.0, 1339.0]]","[2478, 1339, 2907, 1757]","[1239, 669, 1454, 879]","[[1453.5, 675.0], [1449.0, 878.5], [1239.4115905761719, 874.4227905273438], [1246.5, 669.5]]",output/metadata/20260513-163040__qr-Plot44-Spalte1-Reihe44-R4S-189-C__dfc05cbd__qr.txt,output/metadata/20260513-163040__qr-Plot44-Spalte1-Reihe44-R4S-189-C__dfc05cbd__qr.json,auto,160,1840,120,1380,1680,1260,working_pixels,55,55,0,0,55,0.7206897203325775,52,3,output/labels/20260513-163040__qr-Plot44-Spalte1-Reihe44-R4S-189-C__dfc05cbd__labels.tif,output/overlays/20260513-163040__qr-Plot44-Spalte1-Reihe44-R4S-189-C__dfc05cbd__labeled.png,output/stats/20260513-163040__qr-Plot44-Spalte1-Reihe44-R4S-189-C__dfc05cbd__worms.csv,6.0,Plot44,Spalte1,Reihe44,R4S,189.0,C
images/20260513_163345.jpg,20260513_163345.jpg,20260513-163345__qr-Plot253-Spalte5-Reihe13-R4S-244__bb8a62c1,0.5,4000,3000,2000,1500,Plot253_Spalte5_Reihe13_R4S_244_,plot_spalte_reihe_condition_sample,253.0,5.0,13.0,R4S,244.0,True,Plot253_Spalte5_Reihe13_R4S_244_,opencv_right_strip_full_height_rgb_scale_1,"[[2806.0, 1339.0], [2798.0, 1750.0], [2380.6129760742188, 1743.97607421875], [2387.0, 1335.0]]","[2380, 1335, 2806, 1750]","[1190, 667, 1403, 875]","[[1403.0, 669.5], [1399.0, 875.0], [1190.3064880371094, 871.988037109375], [1193.5, 667.5]]",output/metadata/20260513-163345__qr-Plot253-Spalte5-Reihe13-R4S-244__bb8a62c1__qr.txt,output/metadata/20260513-163345__qr-Plot253-Spalte5-Reihe13-R4S-244__bb8a62c1__qr.json,auto,160,1840,120,1380,1680,1260,working_pixels,91,91,0,0,91,0.7116638321995464,90,1,output/labels/20260513-163345__qr-Plot253-Spalte5-Reihe13-R4S-244__bb8a62c1__labels.tif,output/overlays/20260513-163345__qr-Plot253-Spalte5-Reihe13-R4S-244__bb8a62c1__labeled.png,output/stats/20260513-163345__qr-Plot253-Spalte5-Reihe13-R4S-244__bb8a62c1__worms.csv,,,,,,,
images/20260513_163439.jpg,20260513_163439.jpg,20260513-163439__qr-Plot253-Spalte5-Reihe13-R4S-244__30ab86b0,0.5,4000,3000,2000,1500,Plot253_Spalte5_Reihe13_R4S_244_,plot_spalte_reihe_condition_sample,253.0,5.0,13.0,R4S,244.0,True,Plot253_Spalte5_Reihe13_R4S_244_,opencv_right_strip_full_height_rgb_scale_1,"[[2818.0, 1333.0], [2814.7750244140625, 1744.0], [2398.0, 1744.0], [2398.0, 1333.0]]","[2398, 1333, 2818, 1744]","[1199, 666, 1409, 872]","[[1409.0, 666.5], [1407.3875122070312, 872.0], [1199.0, 872.0], [1199.0, 666.5]]",output/metadata/20260513-163439__qr-Plot253-Spalte5-Reihe13-R4S-244__30ab86b0__qr.txt,output/metadata/20260513-163439__qr-Plot253-Spalte5-Reihe13-R4S-244__30ab86b0__qr.json,auto,160,1840,120,1380,1680,1260,working_pixels,95,95,0,0,95,0.7118716931216931,95,0,output/labels/20260513-163439__qr-Plot253-Spalte5-Reihe13-R4S-244__30ab86b0__labels.tif,output/overlays/20260513-163439__qr-Plot253-Spalte5-Reihe13-R4S-244__30ab86b0__labeled.png,output/stats/20260513-163439__qr-Plot253-Spalte5-Reihe13-R4S-244__30ab86b0__worms.csv,,,,,,,
images/20260513_163705.jpg,20260513_163705.jpg,20260513-163705__qr-Plot153-Spalte3-Reihe33-R4S-160__8ee410a6,0.5,4000,3000,2000,1500,Plot153_Spalte3_Reihe33_R4S_160_,plot_spalte_reihe_condition_sample,153.0,3.0,33.0,R4S,160.0,True,Plot153_Spalte3_Reihe33_R4S_160_,opencv_full_rgb_scale_1,"[[2944.0, 992.0], [2935.0, 1404.0], [2516.75830078125, 1397.7999267578125], [2527.0, 985.0]]","[2516, 985, 2944, 1404]","[1258, 492, 1472, 702]","[[1472.0, 496.0], [1467.5, 702.0], [1258.379150390625, 698.8999633789062], [1263.5, 492.5]]",output/metadata/20260513-163705__qr-Plot153-Spalte3-Reihe33-R4S-160__8ee410a6__qr.txt,output/metadata/20260513-163705__qr-Plot153-Spalte3-Reihe33-R4S-160__8ee410a6__qr.json,auto,150,1985,25,1485,1835,1460,working_pixels,49,49,0,0,49,0.7347754843044306,48,1,output/labels/20260513-163705__qr-Plot153-Spalte3-Reihe33-R4S-160__8ee410a6__labels.tif,output/overlays/20260513-163705__qr-Plot153-Spalte3-Reihe33-R4S-160__8ee410a6__labeled.png,output/stats/20260513-163705__qr-Plot153-Spalte3-Reihe33-R4S-160__8ee410a6__worms.csv,,,,,,,
images/20260513_163733.jpg,20260513_163733.jpg,20260513-163733__qr-Plot153-Spalte3-Reihe33-R4S-160__96ae6bac,0.5,4000,3000,2000,1500,Plot153_Spalte3_Reihe33_R4S_160_,plot_spalte_reihe_condition_sample,153.0,3.0,33.0,R4S,160.0,True,Plot153_Spalte3_Reihe33_R4S_160_,opencv_full_gray_scale_1,"[[2944.0, 991.0], [2936.832275390625, 1405.0728759765625], [2516.49658203125, 1398.2542724609375], [2527.0, 985.0]]","[2516, 985, 2944, 1406]","[1258, 492, 1472, 703]","[[1472.0, 495.5], [1468.4161376953125, 702.5364379882812], [1258.248291015625, 699.1271362304688], [1263.5, 492.5]]",output/metadata/20260513-163733__qr-Plot153-Spalte3-Reihe33-R4S-160__96ae6bac__qr.txt,output/metadata/20260513-163733__qr-Plot153-Spalte3-Reihe33-R4S-160__96ae6bac__qr.json,auto,150,1985,25,1485,1835,1460,working_pixels,52,52,0,0,52,0.6881426598484566,51,1,output/labels/20260513-163733__qr-Plot153-Spalte3-Reihe33-R4S-160__96ae6bac__labels.tif,output/overlays/20260513-163733__qr-Plot153-Spalte3-Reihe33-R4S-160__96ae6bac__labeled.png,output/stats/20260513-163733__qr-Plot153-Spalte3-Reihe33-R4S-160__96ae6bac__worms.csv,,,,,,,
images/20260513_163953.jpg,20260513_163953.jpg,20260513-163953__qr-Plot30-Spalte1-Reihe30-R4S-296-E__8ef9a197,0.5,4000,3000,2000,1500,Plot30_Spalte1_Reihe30_R4S_296_E,generic_underscore_tokens,,,,,,True,Plot30_Spalte1_Reihe30_R4S_296_E,opencv_right_strip_full_height_rgb_scale_1.5,"[[2938.0, 989.3333333333334], [2936.0, 1394.0], [2523.5977376302085, 1400.6124674479167], [2526.6666666666665, 987.3333333333334]]","[2523, 987, 2938, 1401]","[1261, 493, 1469, 701]","[[1469.0, 494.6666666666667], [1468.0, 697.0], [1261.7988688151042, 700.3062337239584], [1263.3333333333333, 493.6666666666667]]",output/metadata/20260513-163953__qr-Plot30-Spalte1-Reihe30-R4S-296-E__8ef9a197__qr.txt,output/metadata/20260513-163953__qr-Plot30-Spalte1-Reihe30-R4S-296-E__8ef9a197__qr.json,auto,133,1985,40,1485,1852,1445,working_pixels,90,90,0,0,90,0.5520152159453541,83,7,output/labels/20260513-163953__qr-Plot30-Spalte1-Reihe30-R4S-296-E__8ef9a197__labels.tif,output/overlays/20260513-163953__qr-Plot30-Spalte1-Reihe30-R4S-296-E__8ef9a197__labeled.png,output/stats/20260513-163953__qr-Plot30-Spalte1-Reihe30-R4S-296-E__8ef9a197__worms.csv,6.0,Plot30,Spalte1,Reihe30,R4S,296.0,E
images/20260513_164039.jpg,20260513_164039.jpg,20260513-164039__qr-Plot30-Spalte1-Reihe30-R4S-296-E__e47c3a01,0.5,4000,3000,2000,1500,Plot30_Spalte1_Reihe30_R4S_296_E,generic_underscore_tokens,,,,,,True,Plot30_Spalte1_Reihe30_R4S_296_E,opencv_right_strip_full_height_rgb_scale_1,"[[2953.0, 974.0], [2947.0, 1385.0], [2526.6448974609375, 1385.0], [2536.0, 967.0]]","[2526, 967, 2953, 1385]","[1263, 483, 1477, 693]","[[1476.5, 487.0], [1473.5, 692.5], [1263.3224487304688, 692.5], [1268.0, 483.5]]",output/metadata/20260513-164039__qr-Plot30-Spalte1-Reihe30-R4S-296-E__e47c3a01__qr.txt,output/metadata/20260513-164039__qr-Plot30-Spalte1-Reihe30-R4S-296-E__e47c3a01__qr.json,auto,116,1985,26,1485,1869,1459,working_pixels,92,92,0,0,92,0.7261183238957765,84,8,output/labels/20260513-164039__qr-Plot30-Spalte1-Reihe30-R4S-296-E__e47c3a01__labels.tif,output/overlays/20260513-164039__qr-Plot30-Spalte1-Reihe30-R4S-296-E__e47c3a01__labeled.png,output/stats/20260513-164039__qr-Plot30-Spalte1-Reihe30-R4S-296-E__e47c3a01__worms.csv,6.0,Plot30,Spalte1,Reihe30,R4S,296.0,E
images/20260513_164314.jpg,20260513_164314.jpg,20260513-164314__qr-Plot245-Spalte5-Reihe5-R4S-316-B__0c4515a0,0.5,4000,3000,2000,1500,Plot245_Spalte5_Reihe5_R4S_316_B,generic_underscore_tokens,,,,,,True,Plot245_Spalte5_Reihe5_R4S_316_B,opencv_right_strip_full_height_rgb_scale_1,"[[2958.0, 1043.0], [2944.42431640625, 1455.908935546875], [2525.253173828125, 1446.5419921875], [2537.3456420898438, 1032.9794921875]]","[2525, 1032, 2958, 1456]","[1262, 516, 1479, 728]","[[1479.0, 521.5], [1472.212158203125, 727.9544677734375], [1262.6265869140625, 723.27099609375], [1268.6728210449219, 516.48974609375]]",output/metadata/20260513-164314__qr-Plot245-Spalte5-Reihe5-R4S-316-B__0c4515a0__qr.txt,output/metadata/20260513-164314__qr-Plot245-Spalte5-Reihe5-R4S-316-B__0c4515a0__qr.json,auto,143,1985,29,1485,1842,1456,working_pixels,93,93,0,0,93,0.6931324647122693,93,0,output/labels/20260513-164314__qr-Plot245-Spalte5-Reihe5-R4S-316-B__0c4515a0__labels.tif,output/overlays/20260513-164314__qr-Plot245-Spalte5-Reihe5-R4S-316-B__0c4515a0__labeled.png,output/stats/20260513-164314__qr-Plot245-Spalte5-Reihe5-R4S-316-B__0c4515a0__worms.csv,6.0,Plot245,Spalte5,Reihe5,R4S,316.0,B
images/20260513_164438.jpg,20260513_164438.jpg,20260513-164438__qr-Plot245-Spalte5-Reihe5-R4S-316-B__e439a5af,0.5,4000,3000,2000,1500,Plot245_Spalte5_Reihe5_R4S_316_B,generic_underscore_tokens,,,,,,True,Plot245_Spalte5_Reihe5_R4S_316_B,opencv_right_strip_full_height_rgb_scale_1,"[[2958.0, 1045.0], [2944.3387451171875, 1456.9345703125], [2525.502685546875, 1447.903076171875], [2536.9917602539062, 1034.2965087890625]]","[2525, 1034, 2958, 1457]","[1262, 517, 1479, 729]","[[1479.0, 522.5], [1472.1693725585938, 728.46728515625], [1262.7513427734375, 723.9515380859375], [1268.4958801269531, 517.1482543945312]]",output/metadata/20260513-164438__qr-Plot245-Spalte5-Reihe5-R4S-316-B__e439a5af__qr.txt,output/metadata/20260513-164438__qr-Plot245-Spalte5-Reihe5-R4S-316-B__e439a5af__qr.json,auto,142,1985,28,1485,1843,1457,working_pixels,79,79,0,0,79,0.7946389369187461,76,3,output/labels/20260513-164438__qr-Plot245-Spalte5-Reihe5-R4S-316-B__e439a5af__labels.tif,output/overlays/20260513-164438__qr-Plot245-Spalte5-Reihe5-R4S-316-B__e439a5af__labeled.png,output/stats/20260513-164438__qr-Plot245-Spalte5-Reihe5-R4S-316-B__e439a5af__worms.csv,6.0,Plot245,Spalte5,Reihe5,R4S,316.0,B
images/20260513_164643.jpg,20260513_164643.jpg,20260513-164643__qr-Plot267-Spalte5-Reihe27-R4S-277__2839dc35,0.5,4000,3000,2000,1500,Plot267_Spalte5_Reihe27_R4S_277_,plot_spalte_reihe_condition_sample,267.0,5.0,27.0,R4S,277.0,True,Plot267_Spalte5_Reihe27_R4S_277_,opencv_right_strip_full_height_rgb_scale_1.5,"[[2962.666666666667, 896.0], [2949.333333333333, 1309.3333333333333], [2525.277058919271, 1302.157958984375], [2544.6666666666665, 889.3333333333334]]","[2525, 889, 2963, 1310]","[1262, 444, 1482, 655]","[[1481.3333333333335, 448.0], [1474.6666666666665, 654.6666666666666], [1262.6385294596355, 651.0789794921875], [1272.3333333333333, 444.6666666666667]]",output/metadata/20260513-164643__qr-Plot267-Spalte5-Reihe27-R4S-277__2839dc35__qr.txt,output/metadata/20260513-164643__qr-Plot267-Spalte5-Reihe27-R4S-277__2839dc35__qr.json,auto,160,1840,120,1380,1680,1260,working_pixels,71,71,0,0,71,0.795427059712774,66,5,output/labels/20260513-164643__qr-Plot267-Spalte5-Reihe27-R4S-277__2839dc35__labels.tif,output/overlays/20260513-164643__qr-Plot267-Spalte5-Reihe27-R4S-277__2839dc35__labeled.png,output/stats/20260513-164643__qr-Plot267-Spalte5-Reihe27-R4S-277__2839dc35__worms.csv,,,,,,,
images/20260513_164726.jpg,20260513_164726.jpg,20260513-164726__qr-Plot267-Spalte5-Reihe27-R4S-277__c3c2b053,0.5,4000,3000,2000,1500,Plot267_Spalte5_Reihe27_R4S_277_,plot_spalte_reihe_condition_sample,267.0,5.0,27.0,R4S,277.0,True,Plot267_Spalte5_Reihe27_R4S_277_,opencv_right_strip_full_height_rgb_scale_1,"[[2980.0, 894.0], [2973.0, 1307.0], [2556.0, 1315.0], [2556.0, 894.0]]","[2556, 894, 2980, 1315]","[1278, 447, 1490, 658]","[[1490.0, 447.0], [1486.5, 653.5], [1278.0, 657.5], [1278.0, 447.0]]",output/metadata/20260513-164726__qr-Plot267-Spalte5-Reihe27-R4S-277__c3c2b053__qr.txt,output/metadata/20260513-164726__qr-Plot267-Spalte5-Reihe27-R4S-277__c3c2b053__qr.json,auto,142,1985,33,1485,1843,1452,working_pixels,78,78,0,0,78,0.7041755043654121,72,6,output/labels/20260513-164726__qr-Plot267-Spalte5-Reihe27-R4S-277__c3c2b053__labels.tif,output/overlays/20260513-164726__qr-Plot267-Spalte5-Reihe27-R4S-277__c3c2b053__labeled.png,output/stats/20260513-164726__qr-Plot267-Spalte5-Reihe27-R4S-277__c3c2b053__worms.csv,,,,,,,
images/20260513_164930.jpg,20260513_164930.jpg,20260513-164930__qr-Plot235-Spalte4-Reihe55-R4S-397__e76c37ac,0.5,4000,3000,2000,1500,Plot235_Spalte4_Reihe55_R4S_397_,plot_spalte_reihe_condition_sample,235.0,4.0,55.0,R4S,397.0,True,Plot235_Spalte4_Reihe55_R4S_397_,opencv_right_strip_full_height_rgb_scale_1,"[[2951.0, 1005.0], [2942.865234375, 1418.8861083984375], [2522.9871826171875, 1410.40380859375], [2540.0, 996.0]]","[2522, 996, 2951, 1419]","[1261, 498, 1476, 710]","[[1475.5, 502.5], [1471.4326171875, 709.4430541992188], [1261.4935913085938, 705.201904296875], [1270.0, 498.0]]",output/metadata/20260513-164930__qr-Plot235-Spalte4-Reihe55-R4S-397__e76c37ac__qr.txt,output/metadata/20260513-164930__qr-Plot235-Spalte4-Reihe55-R4S-397__e76c37ac__qr.json,auto,140,1985,24,1485,1845,1461,working_pixels,20,20,0,0,20,0.701325334950817,15,5,output/labels/20260513-164930__qr-Plot235-Spalte4-Reihe55-R4S-397__e76c37ac__labels.tif,output/overlays/20260513-164930__qr-Plot235-Spalte4-Reihe55-R4S-397__e76c37ac__labeled.png,output/stats/20260513-164930__qr-Plot235-Spalte4-Reihe55-R4S-397__e76c37ac__worms.csv,,,,,,,
images/20260513_164946.jpg,20260513_164946.jpg,20260513-164946__qr-Plot235-Spalte4-Reihe55-R4S-397__fccdada3,0.5,4000,3000,2000,1500,Plot235_Spalte4_Reihe55_R4S_397_,plot_spalte_reihe_condition_sample,235.0,4.0,55.0,R4S,397.0,True,Plot235_Spalte4_Reihe55_R4S_397_,opencv_right_strip_full_height_rgb_scale_1,"[[2953.0, 1008.0], [2940.0, 1418.0], [2520.9923095703125, 1410.2091064453125], [2536.0819091796875, 998.76708984375]]","[2520, 998, 2953, 1418]","[1260, 499, 1477, 709]","[[1476.5, 504.0], [1470.0, 709.0], [1260.4961547851562, 705.1045532226562], [1268.0409545898438, 499.383544921875]]",output/metadata/20260513-164946__qr-Plot235-Spalte4-Reihe55-R4S-397__fccdada3__qr.txt,output/metadata/20260513-164946__qr-Plot235-Spalte4-Reihe55-R4S-397__fccdada3__qr.json,auto,140,1985,23,1485,1845,1462,working_pixels,21,21,0,0,21,0.7008893782508276,15,6,output/labels/20260513-164946__qr-Plot235-Spalte4-Reihe55-R4S-397__fccdada3__labels.tif,output/overlays/20260513-164946__qr-Plot235-Spalte4-Reihe55-R4S-397__fccdada3__labeled.png,output/stats/20260513-164946__qr-Plot235-Spalte4-Reihe55-R4S-397__fccdada3__worms.csv,,,,,,,
images/20260513_165144.jpg,20260513_165144.jpg,20260513-165144__qr-Plot164-Spalte3-Reihe44-R4S-290__8d659729,0.5,4000,3000,2000,1500,Plot164_Spalte3_Reihe44_R4S_290_,plot_spalte_reihe_condition_sample,164.0,3.0,44.0,R4S,290.0,True,Plot164_Spalte3_Reihe44_R4S_290_,opencv_full_rgb_scale_1,"[[2959.0, 978.0], [2946.0, 1393.0], [2529.81494140625, 1385.17724609375], [2542.0, 969.0]]","[2529, 969, 2959, 1393]","[1264, 484, 1480, 697]","[[1479.5, 489.0], [1473.0, 696.5], [1264.907470703125, 692.588623046875], [1271.0, 484.5]]",output/metadata/20260513-165144__qr-Plot164-Spalte3-Reihe44-R4S-290__8d659729__qr.txt,output/metadata/20260513-165144__qr-Plot164-Spalte3-Reihe44-R4S-290__8d659729__qr.json,auto,150,1985,20,1485,1835,1465,working_pixels,32,32,0,0,32,0.736936511331616,31,1,output/labels/20260513-165144__qr-Plot164-Spalte3-Reihe44-R4S-290__8d659729__labels.tif,output/overlays/20260513-165144__qr-Plot164-Spalte3-Reihe44-R4S-290__8d659729__labeled.png,output/stats/20260513-165144__qr-Plot164-Spalte3-Reihe44-R4S-290__8d659729__worms.csv,,,,,,,
images/20260513_165215.jpg,20260513_165215.jpg,20260513-165215__qr-Plot164-Spalte3-Reihe44-R4S-290__5db248b7,0.5,4000,3000,2000,1500,Plot164_Spalte3_Reihe44_R4S_290_,plot_spalte_reihe_condition_sample,164.0,3.0,44.0,R4S,290.0,True,Plot164_Spalte3_Reihe44_R4S_290_,opencv_right_strip_full_height_rgb_scale_1,"[[2958.0, 979.0], [2945.674072265625, 1393.0423583984375], [2521.4864501953125, 1386.326904296875], [2541.0, 969.0]]","[2521, 969, 2958, 1394]","[1260, 484, 1479, 697]","[[1479.0, 489.5], [1472.8370361328125, 696.5211791992188], [1260.7432250976562, 693.1634521484375], [1270.5, 484.5]]",output/metadata/20260513-165215__qr-Plot164-Spalte3-Reihe44-R4S-290__5db248b7__qr.txt,output/metadata/20260513-165215__qr-Plot164-Spalte3-Reihe44-R4S-290__5db248b7__qr.json,auto,151,1985,21,1485,1834,1464,working_pixels,32,32,0,0,32,0.6539414132565803,31,1,output/labels/20260513-165215__qr-Plot164-Spalte3-Reihe44-R4S-290__5db248b7__labels.tif,output/overlays/20260513-165215__qr-Plot164-Spalte3-Reihe44-R4S-290__5db248b7__labeled.png,output/stats/20260513-165215__qr-Plot164-Spalte3-Reihe44-R4S-290__5db248b7__worms.csv,,,,,,,
images/20260515_152558.jpg,20260515_152558.jpg,20260515-152558__qr-Plot163-Spalte3-Reihe43-R4S-234__2d76dd4a,0.5,4000,3000,2000,1500,Plot163_Spalte3_Reihe43_R4S_234_,plot_spalte_reihe_condition_sample,163.0,3.0,43.0,R4S,234.0,True,Plot163_Spalte3_Reihe43_R4S_234_,working_image_mapped_to_original:opencv_full_rgb_scale_1.5,"[[77.33333333333333, 2769.3333333333335], [74.79625956217448, 2360.02294921875], [485.9927571614583, 2352.1656901041665], [490.6666666666667, 2764.0]]","[74, 2352, 492, 2770]","[37, 1176, 246, 1385]","[[38.666666666666664, 1384.6666666666667], [37.39812978108724, 1180.011474609375], [242.99637858072916, 1176.0828450520833], [245.33333333333334, 1382.0]]",output/metadata/20260515-152558__qr-Plot163-Spalte3-Reihe43-R4S-234__2d76dd4a__qr.txt,output/metadata/20260515-152558__qr-Plot163-Spalte3-Reihe43-R4S-234__2d76dd4a__qr.json,auto,15,1687,15,1450,1672,1435,working_pixels,33,33,0,0,33,0.6859918643615691,27,6,output/labels/20260515-152558__qr-Plot163-Spalte3-Reihe43-R4S-234__2d76dd4a__labels.tif,output/overlays/20260515-152558__qr-Plot163-Spalte3-Reihe43-R4S-234__2d76dd4a__labeled.png,output/stats/20260515-152558__qr-Plot163-Spalte3-Reihe43-R4S-234__2d76dd4a__worms.csv,,,,,,,
images/20260515_153315.jpg,20260515_153315.jpg,20260515-153315__qr-Plot92-Spalte2-Reihe32-R4S-428-S__53b46255,0.5,4000,3000,2000,1500,Plot92_Spalte2_Reihe32_R4S_428_S,generic_underscore_tokens,,,,,,True,Plot92_Spalte2_Reihe32_R4S_428_S,opencv_right_strip_full_height_rgb_scale_1,"[[2927.0, 1337.0], [2929.0, 1739.0], [2518.0, 1760.0], [2518.0, 1335.2127685546875]]","[2518, 1335, 2929, 1760]","[1259, 667, 1465, 880]","[[1463.5, 668.5], [1464.5, 869.5], [1259.0, 880.0], [1259.0, 667.6063842773438]]",output/metadata/20260515-153315__qr-Plot92-Spalte2-Reihe32-R4S-428-S__53b46255__qr.txt,output/metadata/20260515-153315__qr-Plot92-Spalte2-Reihe32-R4S-428-S__53b46255__qr.json,auto,340,1985,49,1485,1645,1436,working_pixels,71,71,0,0,71,0.7485991990585128,70,1,output/labels/20260515-153315__qr-Plot92-Spalte2-Reihe32-R4S-428-S__53b46255__labels.tif,output/overlays/20260515-153315__qr-Plot92-Spalte2-Reihe32-R4S-428-S__53b46255__labeled.png,output/stats/20260515-153315__qr-Plot92-Spalte2-Reihe32-R4S-428-S__53b46255__worms.csv,6.0,Plot92,Spalte2,Reihe32,R4S,428.0,S
images/20260515_153406.jpg,20260515_153406.jpg,20260515-153406__qr-Plot92-Spalte2-Reihe32-R4S-428-S__e0ce92ad,0.5,4000,3000,2000,1500,Plot92_Spalte2_Reihe32_R4S_428_S,generic_underscore_tokens,,,,,,True,Plot92_Spalte2_Reihe32_R4S_428_S,opencv_right_strip_full_height_rgb_scale_1,"[[2923.8663330078125, 1337.010498046875], [2927.0, 1739.0], [2516.0, 1747.0], [2516.0, 1339.0]]","[2516, 1337, 2927, 1747]","[1258, 668, 1464, 874]","[[1461.9331665039062, 668.5052490234375], [1463.5, 869.5], [1258.0, 873.5], [1258.0, 669.5]]",output/metadata/20260515-153406__qr-Plot92-Spalte2-Reihe32-R4S-428-S__e0ce92ad__qr.txt,output/metadata/20260515-153406__qr-Plot92-Spalte2-Reihe32-R4S-428-S__e0ce92ad__qr.json,auto,342,1985,51,1485,1643,1434,working_pixels,71,71,0,0,71,0.7378400907955733,67,4,output/labels/20260515-153406__qr-Plot92-Spalte2-Reihe32-R4S-428-S__e0ce92ad__labels.tif,output/overlays/20260515-153406__qr-Plot92-Spalte2-Reihe32-R4S-428-S__e0ce92ad__labeled.png,output/stats/20260515-153406__qr-Plot92-Spalte2-Reihe32-R4S-428-S__e0ce92ad__worms.csv,6.0,Plot92,Spalte2,Reihe32,R4S,428.0,S
images/20260515_154007.jpg,20260515_154007.jpg,20260515-154007__qr-Plot143-Spalte3-Reihe23-R4S-214__a484b7c1,0.5,4000,3000,2000,1500,Plot143_Spalte3_Reihe23_R4S_214_,plot_spalte_reihe_condition_sample,143.0,3.0,23.0,R4S,214.0,True,Plot143_Spalte3_Reihe23_R4S_214_,opencv_right_strip_full_height_gray_scale_1,"[[2920.0, 1239.0], [2922.0, 1641.0], [2511.0, 1649.029541015625], [2513.0, 1237.0]]","[2511, 1237, 2922, 1650]","[1255, 618, 1461, 825]","[[1460.0, 619.5], [1461.0, 820.5], [1255.5, 824.5147705078125], [1256.5, 618.5]]",output/metadata/20260515-154007__qr-Plot143-Spalte3-Reihe23-R4S-214__a484b7c1__qr.txt,output/metadata/20260515-154007__qr-Plot143-Spalte3-Reihe23-R4S-214__a484b7c1__qr.json,auto,314,1985,46,1485,1671,1439,working_pixels,98,98,0,0,98,0.6530567432250852,77,21,output/labels/20260515-154007__qr-Plot143-Spalte3-Reihe23-R4S-214__a484b7c1__labels.tif,output/overlays/20260515-154007__qr-Plot143-Spalte3-Reihe23-R4S-214__a484b7c1__labeled.png,output/stats/20260515-154007__qr-Plot143-Spalte3-Reihe23-R4S-214__a484b7c1__worms.csv,,,,,,,
images/20260515_154317.jpg,20260515_154317.jpg,20260515-154317__qr-Plot143-Spalte3-Reihe23-R4S-214__dc3b4e0f,0.5,4000,3000,2000,1500,Plot143_Spalte3_Reihe23_R4S_214_,plot_spalte_reihe_condition_sample,143.0,3.0,23.0,R4S,214.0,True,Plot143_Spalte3_Reihe23_R4S_214_,opencv_right_card_upper_large_rgb_scale_1,"[[2962.0, 1263.0], [2958.0, 1668.0], [2551.0, 1665.53076171875], [2553.0, 1259.0]]","[2551, 1259, 2962, 1668]","[1275, 629, 1481, 834]","[[1481.0, 631.5], [1479.0, 834.0], [1275.5, 832.765380859375], [1276.5, 629.5]]",output/metadata/20260515-154317__qr-Plot143-Spalte3-Reihe23-R4S-214__dc3b4e0f__qr.txt,output/metadata/20260515-154317__qr-Plot143-Spalte3-Reihe23-R4S-214__dc3b4e0f__qr.json,auto,309,1985,51,1485,1676,1434,working_pixels,69,69,0,0,69,0.7096444013940344,65,4,output/labels/20260515-154317__qr-Plot143-Spalte3-Reihe23-R4S-214__dc3b4e0f__labels.tif,output/overlays/20260515-154317__qr-Plot143-Spalte3-Reihe23-R4S-214__dc3b4e0f__labeled.png,output/stats/20260515-154317__qr-Plot143-Spalte3-Reihe23-R4S-214__dc3b4e0f__worms.csv,,,,,,,
images/20260515_154810.jpg,20260515_154810.jpg,20260515-154810__qr-Plot243-Spalte5-Reihe3-R4S-512-R__6ca18458,0.5,4000,3000,2000,1500,Plot243_Spalte5_Reihe3_R4S_512_R,generic_underscore_tokens,,,,,,True,Plot243_Spalte5_Reihe3_R4S_512_R,opencv_full_gray_scale_1,"[[2951.0, 1255.0], [2945.0, 1662.0], [2539.0, 1657.5], [2539.0, 1249.940673828125]]","[2539, 1249, 2951, 1662]","[1269, 624, 1476, 831]","[[1475.5, 627.5], [1472.5, 831.0], [1269.5, 828.75], [1269.5, 624.9703369140625]]",output/metadata/20260515-154810__qr-Plot243-Spalte5-Reihe3-R4S-512-R__6ca18458__qr.txt,output/metadata/20260515-154810__qr-Plot243-Spalte5-Reihe3-R4S-512-R__6ca18458__qr.json,auto,309,1985,51,1485,1676,1434,working_pixels,65,65,0,0,65,0.7018054543094238,61,4,output/labels/20260515-154810__qr-Plot243-Spalte5-Reihe3-R4S-512-R__6ca18458__labels.tif,output/overlays/20260515-154810__qr-Plot243-Spalte5-Reihe3-R4S-512-R__6ca18458__labeled.png,output/stats/20260515-154810__qr-Plot243-Spalte5-Reihe3-R4S-512-R__6ca18458__worms.csv,6.0,Plot243,Spalte5,Reihe3,R4S,512.0,R
images/20260515_154858.jpg,20260515_154858.jpg,20260515-154858__qr-Plot243-Spalte5-Reihe3-R4S-512-R__fce96c7b,0.5,4000,3000,2000,1500,Plot243_Spalte5_Reihe3_R4S_512_R,generic_underscore_tokens,,,,,,True,Plot243_Spalte5_Reihe3_R4S_512_R,opencv_full_rgb_scale_1,"[[2957.0, 1253.0], [2950.0, 1659.0], [2538.0, 1655.0], [2544.030029296875, 1246.9609375]]","[2538, 1246, 2957, 1659]","[1269, 623, 1479, 830]","[[1478.5, 626.5], [1475.0, 829.5], [1269.0, 827.5], [1272.0150146484375, 623.48046875]]",output/metadata/20260515-154858__qr-Plot243-Spalte5-Reihe3-R4S-512-R__fce96c7b__qr.txt,output/metadata/20260515-154858__qr-Plot243-Spalte5-Reihe3-R4S-512-R__fce96c7b__qr.json,auto,307,1985,50,1485,1678,1435,working_pixels,68,68,0,0,68,0.7063980265207045,63,5,output/labels/20260515-154858__qr-Plot243-Spalte5-Reihe3-R4S-512-R__fce96c7b__labels.tif,output/overlays/20260515-154858__qr-Plot243-Spalte5-Reihe3-R4S-512-R__fce96c7b__labeled.png,output/stats/20260515-154858__qr-Plot243-Spalte5-Reihe3-R4S-512-R__fce96c7b__worms.csv,6.0,Plot243,Spalte5,Reihe3,R4S,512.0,R
images/20260515_160155.jpg,20260515_160155.jpg,20260515-160155__qr-Plot291-Spalte5-Reihe51-R4S-456__99b34689,0.5,4000,3000,2000,1500,Plot291_Spalte5_Reihe51_R4S_456_,plot_spalte_reihe_condition_sample,291.0,5.0,51.0,R4S,456.0,True,Plot291_Spalte5_Reihe51_R4S_456_,opencv_right_strip_full_height_rgb_scale_1,"[[2835.0, 1304.0], [2831.0, 1708.0], [2427.0, 1704.0517578125], [2427.0, 1298.4521484375]]","[2427, 1298, 2835, 1708]","[1213, 649, 1418, 854]","[[1417.5, 652.0], [1415.5, 854.0], [1213.5, 852.02587890625], [1213.5, 649.22607421875]]",output/metadata/20260515-160155__qr-Plot291-Spalte5-Reihe51-R4S-456__99b34689__qr.txt,output/metadata/20260515-160155__qr-Plot291-Spalte5-Reihe51-R4S-456__99b34689__qr.json,auto,160,1840,120,1380,1680,1260,working_pixels,32,32,0,0,32,0.7220719954648526,28,4,output/labels/20260515-160155__qr-Plot291-Spalte5-Reihe51-R4S-456__99b34689__labels.tif,output/overlays/20260515-160155__qr-Plot291-Spalte5-Reihe51-R4S-456__99b34689__labeled.png,output/stats/20260515-160155__qr-Plot291-Spalte5-Reihe51-R4S-456__99b34689__worms.csv,,,,,,,
images/20260515_160219.jpg,20260515_160219.jpg,20260515-160219__qr-Plot291-Spalte5-Reihe51-R4S-456__827de754,0.5,4000,3000,2000,1500,Plot291_Spalte5_Reihe51_R4S_456_,plot_spalte_reihe_condition_sample,291.0,5.0,51.0,R4S,456.0,True,Plot291_Spalte5_Reihe51_R4S_456_,opencv_right_strip_full_height_gray_scale_1,"[[2834.29150390625, 1302.6090087890625], [2831.0, 1708.0], [2427.0, 1708.0], [2427.0, 1298.494873046875]]","[2427, 1298, 2835, 1708]","[1213, 649, 1418, 854]","[[1417.145751953125, 651.3045043945312], [1415.5, 854.0], [1213.5, 854.0], [1213.5, 649.2474365234375]]",output/metadata/20260515-160219__qr-Plot291-Spalte5-Reihe51-R4S-456__827de754__qr.txt,output/metadata/20260515-160219__qr-Plot291-Spalte5-Reihe51-R4S-456__827de754__qr.json,auto,160,1840,120,1380,1680,1260,working_pixels,34,34,0,0,34,0.7261885865457294,29,5,output/labels/20260515-160219__qr-Plot291-Spalte5-Reihe51-R4S-456__827de754__labels.tif,output/overlays/20260515-160219__qr-Plot291-Spalte5-Reihe51-R4S-456__827de754__labeled.png,output/stats/20260515-160219__qr-Plot291-Spalte5-Reihe51-R4S-456__827de754__worms.csv,,,,,,,
images/20260515_160944.jpg,20260515_160944.jpg,20260515-160944__qr-Plot268-Spalte5-Reihe28-R4S-514__7954c7ba,0.5,4000,3000,2000,1500,Plot268_Spalte5_Reihe28_R4S_514_,plot_spalte_reihe_condition_sample,268.0,5.0,28.0,R4S,514.0,True,Plot268_Spalte5_Reihe28_R4S_514_,opencv_right_card_middle_large_gray_scale_2,"[[2861.0, 1227.0], [2861.0, 1629.0], [2453.0, 1637.5], [2453.0, 1225.0]]","[2453, 1225, 2861, 1638]","[1226, 612, 1431, 819]","[[1430.5, 613.5], [1430.5, 814.5], [1226.5, 818.75], [1226.5, 612.5]]",output/metadata/20260515-160944__qr-Plot268-Spalte5-Reihe28-R4S-514__7954c7ba__qr.txt,output/metadata/20260515-160944__qr-Plot268-Spalte5-Reihe28-R4S-514__7954c7ba__qr.json,auto,160,1840,120,1380,1680,1260,working_pixels,117,117,0,0,117,0.7228240740740741,109,8,output/labels/20260515-160944__qr-Plot268-Spalte5-Reihe28-R4S-514__7954c7ba__labels.tif,output/overlays/20260515-160944__qr-Plot268-Spalte5-Reihe28-R4S-514__7954c7ba__labeled.png,output/stats/20260515-160944__qr-Plot268-Spalte5-Reihe28-R4S-514__7954c7ba__worms.csv,,,,,,,
images/20260515_161104.jpg,20260515_161104.jpg,20260515-161104__qr-Plot268-Spalte5-Reihe28-R4S-514__2a891468,0.5,4000,3000,2000,1500,Plot268_Spalte5_Reihe28_R4S_514_,plot_spalte_reihe_condition_sample,268.0,5.0,28.0,R4S,514.0,True,Plot268_Spalte5_Reihe28_R4S_514_,opencv_right_strip_full_height_rgb_scale_1,"[[2834.2819213867188, 1235.0159912109375], [2831.0, 1639.0], [2420.921630859375, 1636.2135009765625], [2427.031005859375, 1229.93798828125]]","[2420, 1229, 2835, 1639]","[1210, 614, 1418, 820]","[[1417.1409606933594, 617.5079956054688], [1415.5, 819.5], [1210.4608154296875, 818.1067504882812], [1213.5155029296875, 614.968994140625]]",output/metadata/20260515-161104__qr-Plot268-Spalte5-Reihe28-R4S-514__2a891468__qr.txt,output/metadata/20260515-161104__qr-Plot268-Spalte5-Reihe28-R4S-514__2a891468__qr.json,auto,160,1840,120,1380,1680,1260,working_pixels,115,115,0,0,115,0.7208767951625095,106,9,output/labels/20260515-161104__qr-Plot268-Spalte5-Reihe28-R4S-514__2a891468__labels.tif,output/overlays/20260515-161104__qr-Plot268-Spalte5-Reihe28-R4S-514__2a891468__labeled.png,output/stats/20260515-161104__qr-Plot268-Spalte5-Reihe28-R4S-514__2a891468__worms.csv,,,,,,,
images/20260515_161752.jpg,20260515_161752.jpg,20260515-161752__qr-Plot139-Spalte3-Reihe19-R4S-267__7d6a2524,0.5,4000,3000,2000,1500,Plot139_Spalte3_Reihe19_R4S_267_,plot_spalte_reihe_condition_sample,139.0,3.0,19.0,R4S,267.0,True,Plot139_Spalte3_Reihe19_R4S_267_,opencv_right_strip_full_height_gray_scale_1,"[[2852.0, 1260.0], [2850.0, 1664.0], [2441.756103515625, 1666.3397216796875], [2446.0, 1255.0]]","[2441, 1255, 2852, 1667]","[1220, 627, 1426, 834]","[[1426.0, 630.0], [1425.0, 832.0], [1220.8780517578125, 833.1698608398438], [1223.0, 627.5]]",output/metadata/20260515-161752__qr-Plot139-Spalte3-Reihe19-R4S-267__7d6a2524__qr.txt,output/metadata/20260515-161752__qr-Plot139-Spalte3-Reihe19-R4S-267__7d6a2524__qr.json,auto,160,1840,120,1380,1680,1260,working_pixels,51,51,0,0,51,0.7206481481481481,39,12,output/labels/20260515-161752__qr-Plot139-Spalte3-Reihe19-R4S-267__7d6a2524__labels.tif,output/overlays/20260515-161752__qr-Plot139-Spalte3-Reihe19-R4S-267__7d6a2524__labeled.png,output/stats/20260515-161752__qr-Plot139-Spalte3-Reihe19-R4S-267__7d6a2524__worms.csv,,,,,,,
images/20260515_161907.jpg,20260515_161907.jpg,20260515-161907__qr-Plot139-Spalte3-Reihe19-R4S-267__007e28a7,0.5,4000,3000,2000,1500,Plot139_Spalte3_Reihe19_R4S_267_,plot_spalte_reihe_condition_sample,139.0,3.0,19.0,R4S,267.0,True,Plot139_Spalte3_Reihe19_R4S_267_,opencv_right_strip_full_height_rgb_scale_1,"[[2897.0, 1244.0], [2890.0, 1653.0], [2468.708740234375, 1648.8507080078125], [2485.0, 1237.0]]","[2468, 1237, 2897, 1653]","[1234, 618, 1449, 827]","[[1448.5, 622.0], [1445.0, 826.5], [1234.3543701171875, 824.4253540039062], [1242.5, 618.5]]",output/metadata/20260515-161907__qr-Plot139-Spalte3-Reihe19-R4S-267__007e28a7__qr.txt,output/metadata/20260515-161907__qr-Plot139-Spalte3-Reihe19-R4S-267__007e28a7__qr.json,auto,160,1840,120,1380,1680,1260,working_pixels,42,42,0,0,42,0.7302338435374149,38,4,output/labels/20260515-161907__qr-Plot139-Spalte3-Reihe19-R4S-267__007e28a7__labels.tif,output/overlays/20260515-161907__qr-Plot139-Spalte3-Reihe19-R4S-267__007e28a7__labeled.png,output/stats/20260515-161907__qr-Plot139-Spalte3-Reihe19-R4S-267__007e28a7__worms.csv,,,,,,,
images/20260515_162810.jpg,20260515_162810.jpg,20260515-162810__qr-Plot196-Spalte4-Reihe16-R4S-251__89924073,0.5,4000,3000,2000,1500,Plot196_Spalte4_Reihe16_R4S_251_,plot_spalte_reihe_condition_sample,196.0,4.0,16.0,R4S,251.0,True,Plot196_Spalte4_Reihe16_R4S_251_,opencv_right_strip_full_height_rgb_scale_1,"[[2824.0, 1210.0], [2829.0, 1614.0], [2425.67431640625, 1627.0423583984375], [2417.2647705078125, 1214.9736328125]]","[2417, 1210, 2829, 1628]","[1208, 605, 1415, 814]","[[1412.0, 605.0], [1414.5, 807.0], [1212.837158203125, 813.5211791992188], [1208.6323852539062, 607.48681640625]]",output/metadata/20260515-162810__qr-Plot196-Spalte4-Reihe16-R4S-251__89924073__qr.txt,output/metadata/20260515-162810__qr-Plot196-Spalte4-Reihe16-R4S-251__89924073__qr.json,auto,160,1840,120,1380,1680,1260,working_pixels,138,138,0,0,138,0.724717970521542,112,26,output/labels/20260515-162810__qr-Plot196-Spalte4-Reihe16-R4S-251__89924073__labels.tif,output/overlays/20260515-162810__qr-Plot196-Spalte4-Reihe16-R4S-251__89924073__labeled.png,output/stats/20260515-162810__qr-Plot196-Spalte4-Reihe16-R4S-251__89924073__worms.csv,,,,,,,
images/20260515_163033.jpg,20260515_163033.jpg,20260515-163033__qr-Plot196-Spalte4-Reihe16-R4S-251__7256e73b,0.5,4000,3000,2000,1500,Plot196_Spalte4_Reihe16_R4S_251_,plot_spalte_reihe_condition_sample,196.0,4.0,16.0,R4S,251.0,True,Plot196_Spalte4_Reihe16_R4S_251_,opencv_right_strip_full_height_rgb_scale_1,"[[2849.0, 1195.0], [2858.0, 1599.0], [2448.0, 1616.0], [2438.8640747070312, 1204.8828125]]","[2438, 1195, 2858, 1616]","[1219, 597, 1429, 808]","[[1424.5, 597.5], [1429.0, 799.5], [1224.0, 808.0], [1219.4320373535156, 602.44140625]]",output/metadata/20260515-163033__qr-Plot196-Spalte4-Reihe16-R4S-251__7256e73b__qr.txt,output/metadata/20260515-163033__qr-Plot196-Spalte4-Reihe16-R4S-251__7256e73b__qr.json,auto,160,1840,120,1380,1680,1260,working_pixels,127,127,0,0,127,0.7285071806500378,114,13,output/labels/20260515-163033__qr-Plot196-Spalte4-Reihe16-R4S-251__7256e73b__labels.tif,output/overlays/20260515-163033__qr-Plot196-Spalte4-Reihe16-R4S-251__7256e73b__labeled.png,output/stats/20260515-163033__qr-Plot196-Spalte4-Reihe16-R4S-251__7256e73b__worms.csv,,,,,,,
images/20260515_163537.jpg,20260515_163537.jpg,20260515-163537__qr-Plot53-Spalte1-Reihe53-R4S-199-M__82947166,0.5,4000,3000,2000,1500,Plot53_Spalte1_Reihe53_R4S_199_M,generic_underscore_tokens,,,,,,True,Plot53_Spalte1_Reihe53_R4S_199_M,opencv_full_rgb_scale_1,"[[2848.0, 1145.0], [2851.0, 1552.0], [2433.458984375, 1556.28515625], [2433.656982421875, 1145.013916015625]]","[2433, 1145, 2851, 1557]","[1216, 572, 1426, 779]","[[1424.0, 572.5], [1425.5, 776.0], [1216.7294921875, 778.142578125], [1216.8284912109375, 572.5069580078125]]",output/metadata/20260515-163537__qr-Plot53-Spalte1-Reihe53-R4S-199-M__82947166__qr.txt,output/metadata/20260515-163537__qr-Plot53-Spalte1-Reihe53-R4S-199-M__82947166__qr.json,auto,160,1840,120,1380,1680,1260,working_pixels,33,33,0,0,33,0.7337821239606954,29,4,output/labels/20260515-163537__qr-Plot53-Spalte1-Reihe53-R4S-199-M__82947166__labels.tif,output/overlays/20260515-163537__qr-Plot53-Spalte1-Reihe53-R4S-199-M__82947166__labeled.png,output/stats/20260515-163537__qr-Plot53-Spalte1-Reihe53-R4S-199-M__82947166__worms.csv,6.0,Plot53,Spalte1,Reihe53,R4S,199.0,M
images/20260515_163611.jpg,20260515_163611.jpg,20260515-163611__qr-Plot53-Spalte1-Reihe53-R4S-199-M__5119bb53,0.5,4000,3000,2000,1500,Plot53_Spalte1_Reihe53_R4S_199_M,generic_underscore_tokens,,,,,,True,Plot53_Spalte1_Reihe53_R4S_199_M,opencv_full_rgb_scale_1,"[[2848.965576171875, 1144.003662109375], [2851.0, 1553.0], [2433.388427734375, 1557.7470703125], [2434.0, 1145.0]]","[2433, 1144, 2851, 1558]","[1216, 572, 1426, 779]","[[1424.4827880859375, 572.0018310546875], [1425.5, 776.5], [1216.6942138671875, 778.87353515625], [1217.0, 572.5]]",output/metadata/20260515-163611__qr-Plot53-Spalte1-Reihe53-R4S-199-M__5119bb53__qr.txt,output/metadata/20260515-163611__qr-Plot53-Spalte1-Reihe53-R4S-199-M__5119bb53__qr.json,auto,160,1840,120,1380,1680,1260,working_pixels,32,32,0,0,32,0.7339252645502645,28,4,output/labels/20260515-163611__qr-Plot53-Spalte1-Reihe53-R4S-199-M__5119bb53__labels.tif,output/overlays/20260515-163611__qr-Plot53-Spalte1-Reihe53-R4S-199-M__5119bb53__labeled.png,output/stats/20260515-163611__qr-Plot53-Spalte1-Reihe53-R4S-199-M__5119bb53__worms.csv,6.0,Plot53,Spalte1,Reihe53,R4S,199.0,M
images/20260515_164549.jpg,20260515_164549.jpg,20260515-164549__qr-Plot69-Spalte2-Reihe9-R4S-329-Ro__6501cce5,0.5,4000,3000,2000,1500,Plot69_Spalte2_Reihe9_R4S_329_Ro,generic_underscore_tokens,,,,,,True,Plot69_Spalte2_Reihe9_R4S_329_Ro,opencv_right_strip_full_height_rgb_scale_1,"[[2884.0, 1257.0], [2889.0, 1657.0], [2480.1921997070312, 1674.2552490234375], [2477.353759765625, 1257.0]]","[2477, 1257, 2889, 1675]","[1238, 628, 1445, 838]","[[1442.0, 628.5], [1444.5, 828.5], [1240.0960998535156, 837.1276245117188], [1238.6768798828125, 628.5]]",output/metadata/20260515-164549__qr-Plot69-Spalte2-Reihe9-R4S-329-Ro__6501cce5__qr.txt,output/metadata/20260515-164549__qr-Plot69-Spalte2-Reihe9-R4S-329-Ro__6501cce5__qr.json,auto,311,1985,30,1485,1674,1455,working_pixels,60,60,0,0,60,0.6620075790234309,44,16,output/labels/20260515-164549__qr-Plot69-Spalte2-Reihe9-R4S-329-Ro__6501cce5__labels.tif,output/overlays/20260515-164549__qr-Plot69-Spalte2-Reihe9-R4S-329-Ro__6501cce5__labeled.png,output/stats/20260515-164549__qr-Plot69-Spalte2-Reihe9-R4S-329-Ro__6501cce5__worms.csv,6.0,Plot69,Spalte2,Reihe9,R4S,329.0,Ro
images/20260515_164731.jpg,20260515_164731.jpg,20260515-164731__qr-Plot69-Spalte2-Reihe9-R4S-329-Ro__43960e98,0.5,4000,3000,2000,1500,Plot69_Spalte2_Reihe9_R4S_329_Ro,generic_underscore_tokens,,,,,,True,Plot69_Spalte2_Reihe9_R4S_329_Ro,opencv_full_gray_scale_1,"[[2890.0, 1253.0], [2895.656494140625, 1659.1016845703125], [2484.14404296875, 1662.020263671875], [2481.33544921875, 1251.988525390625]]","[2481, 1251, 2896, 1663]","[1240, 625, 1448, 832]","[[1445.0, 626.5], [1447.8282470703125, 829.5508422851562], [1242.072021484375, 831.0101318359375], [1240.667724609375, 625.9942626953125]]",output/metadata/20260515-164731__qr-Plot69-Spalte2-Reihe9-R4S-329-Ro__43960e98__qr.txt,output/metadata/20260515-164731__qr-Plot69-Spalte2-Reihe9-R4S-329-Ro__43960e98__qr.json,auto,308,1985,30,1485,1677,1455,working_pixels,43,43,0,0,43,0.6615487072931331,41,2,output/labels/20260515-164731__qr-Plot69-Spalte2-Reihe9-R4S-329-Ro__43960e98__labels.tif,output/overlays/20260515-164731__qr-Plot69-Spalte2-Reihe9-R4S-329-Ro__43960e98__labeled.png,output/stats/20260515-164731__qr-Plot69-Spalte2-Reihe9-R4S-329-Ro__43960e98__worms.csv,6.0,Plot69,Spalte2,Reihe9,R4S,329.0,Ro
