barcode,parcel_plot,parcel_spalte,parcel_reihe,parcel_r4s,genotype,plant_weight_g,plant_weight_kg,n_plants,plant_weight_per_plant_g,larvae_in_tray_manual
Feld1_R4S_470_A4C34,1,5.0,1.0,470,A4C34,162.0,0.162,10,16.2,9.0
Feld2_R4S_212_Askari,2,6.0,1.0,212,Askari,222.0,0.222,11,20.181818181818183,2.0
Feld3_R4S_291_Wolynski,3,7.0,1.0,291,Wolynski,278.0,0.278,10,27.8,
Feld4_R4S_387_Lirafit,4,8.0,1.0,387,Lirafit,378.0,0.378,10,37.8,8.0
Feld5_R4S_433_SEM,5,9.0,1.0,433,SEM,152.0,0.152,10,15.2,2.0
Feld6_R4S_521_Taisetsu,6,10.0,1.0,521,Taisetsu,334.0,0.334,10,33.4,
Feld7_R4S_406_S30,7,11.0,1.0,406,S30,311.0,0.311,10,31.1,1.0
Feld8_R4S_427_J 154,8,12.0,1.0,427,J 154,293.0,0.293,10,29.3,4.0
Feld9_R4S_209_Falcon,9,13.0,1.0,209,Falcon,239.0,0.239,9,26.555555555555557,
Feld10_R4S_442_INL 2,10,14.0,1.0,442,INL 2,313.0,0.313,10,31.3,
Feld11_R4S_386_Major,11,15.0,1.0,386,Major,391.0,0.391,10,39.1,
Feld12_R4S_437_S2,12,16.0,1.0,437,S2,259.0,0.259,10,25.9,11.0
Feld13_R4S_177_SLM 0512,13,17.0,1.0,177,SLM 0512,247.0,0.247,10,24.7,2.0
Feld14_R4S_408_DH5 Oase x Nugget  PBY061 von NPZ,14,18.0,1.0,408,DH5 Oase x Nugget  PBY061 von NPZ,308.0,0.308,10,30.8,4.0
Feld15_R4S_389_Librador,15,19.0,1.0,389,Librador,184.0,0.184,10,18.4,1.0
Feld16_R4S_265_Pirola,16,20.0,1.0,265,Pirola,165.0,0.165,9,18.333333333333332,6.0
Feld17_R4S_242_SWGospel,17,21.0,1.0,242,SWGospel,285.0,0.285,10,28.5,
Feld18_R4S_187_AMBER X COMMANCHE DH LINE,18,22.0,1.0,187,AMBER X COMMANCHE DH LINE,318.0,0.318,10,31.8,7.0
Feld19_R4S_531_WINFRED,19,23.0,1.0,531,WINFRED,202.0,0.202,10,20.2,1.0
Feld20_R4S_147_Picasso,20,24.0,1.0,147,Picasso,186.0,0.186,10,18.6,1.0
Feld21_R4S_266_Alaska,21,25.0,1.0,266,Alaska,180.0,0.18,10,18.0,0.0
Feld22_R4S_224_APEX-93_5 X GINYOU_3 DH LINE,22,26.0,1.0,224,APEX-93_5 X GINYOU_3 DH LINE,346.0,0.346,10,34.6,2.0
Feld23_R4S_379_Skrzeszowicki,23,27.0,1.0,379,Skrzeszowicki,240.0,0.24,9,26.666666666666668,3.0
Feld24_R4S_384_Mestnij,24,28.0,1.0,384,Mestnij,115.0,0.115,10,11.5,
Feld25_R4S_344_Conqueror Bronze Green Top,25,29.0,1.0,344,Conqueror Bronze Green Top,124.0,0.124,10,12.4,3.0
Feld26_R4S_225_Barrel,26,30.0,1.0,225,Barrel,295.0,0.295,10,29.5,2.0
Feld27_R4S_342_Peerless (Acme),27,31.0,1.0,342,Peerless (Acme),59.0,0.059,10,5.9,
Feld28_R4S_149_Rapid,28,32.0,1.0,149,Rapid,270.0,0.27,10,27.0,2.0
Feld29_R4S_221_MADRIGAL x RECITAL DH LINE,29,33.0,1.0,221,MADRIGAL x RECITAL DH LINE,314.0,0.314,10,31.4,
Feld30_R4S_296_EMERALD,30,34.0,1.0,296,EMERALD,167.0,0.167,10,16.7,2.0
Feld31_R4S_181_Express 617,31,5.0,2.0,181,Express 617,252.0,0.252,10,25.2,0.0
Feld32_R4S_532_WINFRED,32,6.0,2.0,532,WINFRED,389.0,0.389,10,38.9,2.0
Feld33_R4S_327_York,33,7.0,2.0,327,York,327.0,0.327,10,32.7,
Feld34_R4S_358_PI271452,34,8.0,2.0,358,PI271452,107.0,0.107,10,10.7,
Feld35_R4S_366_Nunsdale,35,9.0,2.0,366,Nunsdale,280.0,0.28,10,28.0,0.0
Feld36_R4S_359_SIBERISCHE BOERENKOOL,36,10.0,2.0,359,SIBERISCHE BOERENKOOL,53.0,0.053,10,5.3,5.0
Feld37_R4S_269_Baltia,37,11.0,2.0,269,Baltia,287.0,0.287,10,28.7,
Feld38_R4S_216_OLIMPIADE,38,12.0,2.0,216,OLIMPIADE,333.0,0.333,10,33.3,1.0
Feld39_R4S_233_LSF 0519,39,13.0,2.0,233,LSF 0519,420.0,0.42,10,42.0,1.0
Feld40_R4S_195_NORIN,40,14.0,2.0,195,NORIN,451.0,0.451,10,45.1,
Feld41_R4S_471_H61,41,15.0,2.0,471,H61,248.0,0.248,10,24.8,13.0
Feld42_R4S_288_Slovenska Krajova,42,16.0,2.0,288,Slovenska Krajova,290.0,0.29,10,29.0,
Feld43_R4S_305_COUVE NABICA,43,17.0,2.0,305,COUVE NABICA,82.0,0.082,10,8.2,2.0
Feld44_R4S_189_CAPRICORN DH1,44,18.0,2.0,189,CAPRICORN DH1,299.0,0.299,10,29.9,
Feld45_R4S_385_Markus,45,19.0,2.0,385,Markus,274.0,0.274,10,27.4,
Feld46_R4S_280_Lirakotta,46,20.0,2.0,280,Lirakotta,341.0,0.341,9,37.888888888888886,
Feld47_R4S_551_ALLESANDRO KWS,47,21.0,2.0,551,ALLESANDRO KWS,399.0,0.399,10,39.9,2.0
Feld48_R4S_154_Cooper,48,22.0,2.0,154,Cooper,184.0,0.184,10,18.4,3.0
Feld49_R4S_507_Express 617,49,23.0,2.0,507,Express 617,289.0,0.289,10,28.9,
Feld50_R4S_275_Hokkai 3-Go,50,24.0,2.0,275,Hokkai 3-Go,164.0,0.164,10,16.4,6.0
Feld51_R4S_184_NK Nemax,51,25.0,2.0,184,NK Nemax,206.0,0.206,10,20.6,9.0
Feld52_R4S_395_Dippes,52,26.0,2.0,395,Dippes,252.0,0.252,10,25.2,1.0
Feld53_R4S_199_Maplus,53,27.0,2.0,199,Maplus,140.0,0.14,10,14.0,1.0
Feld54_R4S_525_Taisetsu,54,28.0,2.0,525,Taisetsu,430.0,0.43,10,43.0,
Feld55_R4S_240_Musette,55,29.0,2.0,240,Musette,279.0,0.279,10,27.9,5.0
Feld56_R4S_294_R53,56,30.0,2.0,294,R53,159.0,0.159,10,15.9,
Feld57_R4S_217_JANETZKIS SCHLESISCHER,57,31.0,2.0,217,JANETZKIS SCHLESISCHER,281.0,0.281,10,28.1,
Feld58_R4S_398_Bolko,58,32.0,2.0,398,Bolko,373.0,0.373,10,37.3,1.0
Feld59_R4S_501_LG Avenger,59,33.0,2.0,501,LG Avenger,712.0,0.712,10,71.2,
Feld60_R4S_490_R8,60,34.0,2.0,490,R8,150.0,0.15,10,15.0,8.0
Feld61_R4S_443_J 104,61,5.0,3.0,443,J 104,288.0,0.288,10,28.8,10.0
Feld62_R4S_331_Magres Pajberg,62,6.0,3.0,331,Magres Pajberg,38.0,0.038,10,3.8,
Feld63_R4S_156_Vivol,63,7.0,3.0,156,Vivol,209.0,0.209,10,20.9,
Feld64_R4S_494_DSV1,64,8.0,3.0,494,DSV1,370.0,0.37,10,37.0,
Feld65_R4S_151_Ontario,65,9.0,3.0,151,Ontario,70.0,0.07,13,5.384615384615385,1.0
Feld66_R4S_292_V8,66,10.0,3.0,292,V8,112.0,0.112,10,11.2,
Feld67_R4S_203_Flip,67,11.0,3.0,203,Flip,211.0,0.211,10,21.1,
Feld68_R4S_204_Leopard,68,12.0,3.0,204,Leopard,160.0,0.16,10,16.0,
Feld69_R4S_329_Rotabaggeue,69,13.0,3.0,329,Rotabaggeue,71.0,0.071,9,7.888888888888889,
Feld70_R4S_539_Smaragd,70,14.0,3.0,539,Smaragd,317.0,0.317,10,31.7,
Feld71_R4S_169_Tenor,71,15.0,3.0,169,Tenor,204.0,0.204,10,20.4,
Feld72_R4S_197_Samourai,72,16.0,3.0,197,Samourai,68.0,0.068,7,9.714285714285714,
Feld73_R4S_166_NK Fair,73,17.0,3.0,166,NK Fair,220.0,0.22,10,22.0,3.0
Feld74_R4S_343_Drummonds Purple Top,74,18.0,3.0,343,Drummonds Purple Top,220.0,0.22,10,22.0,
Feld75_R4S_279_Liglory,75,19.0,3.0,279,Liglory,142.0,0.142,10,14.2,
Feld76_R4S_417_H355,76,20.0,3.0,417,H355,211.0,0.211,11,19.181818181818183,
Feld77_R4S_451_S5,77,21.0,3.0,451,S5,175.0,0.175,10,17.5,3.0
Feld78_R4S_522_Taisetsu,78,22.0,3.0,522,Taisetsu,357.0,0.357,10,35.7,5.0
Feld79_R4S_391_Jantar,79,23.0,3.0,391,Jantar,146.0,0.146,10,14.6,
Feld80_R4S_246_Laser,80,24.0,3.0,246,Laser,203.0,0.203,10,20.3,
Feld81_R4S_373_25629-3,81,25.0,3.0,373,25629-3,160.0,0.16,10,16.0,
Feld82_R4S_345_Bangholm PT,82,26.0,3.0,345,Bangholm PT,321.0,0.321,11,29.181818181818183,
Feld83_R4S_289_Start,83,27.0,3.0,289,Start,151.0,0.151,11,13.727272727272727,8.0
Feld84_R4S_243_Sansibar,84,28.0,3.0,243,Sansibar,166.0,0.166,10,16.6,
Feld85_R4S_190_RAFAL DH1,85,29.0,3.0,190,RAFAL DH1,217.0,0.217,10,21.7,
Feld86_R4S_505_Express 617,86,30.0,3.0,505,Express 617,197.0,0.197,8,24.625,
Feld87_R4S_157_BRISTOL,87,31.0,3.0,157,BRISTOL,178.0,0.178,10,17.8,1.0
Feld88_R4S_285_Quedlinburger Platzfester,88,32.0,3.0,285,Quedlinburger Platzfester,180.0,0.18,10,18.0,
Feld89_R4S_263_Agalon,89,33.0,3.0,263,Agalon,78.0,0.078,11,7.090909090909091,
Feld90_R4S_268_Anja,90,34.0,3.0,268,Anja,131.0,0.131,10,13.1,
Feld91_R4S_499_R4S_NPZ3,91,5.0,4.0,499,R4S_NPZ3,423.0,0.423,10,42.3,1.0
Feld92_R4S_428_S35,92,6.0,4.0,428,S35,162.0,0.162,11,14.727272727272727,18.0
Feld93_R4S_438_R99,93,7.0,4.0,438,R99,330.0,0.33,10,33.0,4.0
Feld94_R4S_489_S16,94,8.0,4.0,489,S16,148.0,0.148,10,14.8,4.0
Feld95_R4S_458_FS94.3,95,9.0,4.0,458,FS94.3,176.0,0.176,10,17.6,
Feld96_R4S_498_R4S_NPZ2,96,10.0,4.0,498,R4S_NPZ2,361.0,0.361,10,36.1,
Feld97_R4S_506_Express 617,97,11.0,4.0,506,Express 617,550.0,0.55,11,50.0,1.0
Feld98_R4S_341_Purple Top,98,12.0,4.0,341,Purple Top,33.0,0.033,11,3.0,1.0
Feld99_R4S_215_SHANG-YOU,99,13.0,4.0,215,SHANG-YOU,171.0,0.171,10,17.1,3.0
Feld100_R4S_273_Edita,100,14.0,4.0,273,Edita,255.0,0.255,10,25.5,2.0
Feld101_R4S_259_Escort,101,15.0,4.0,259,Escort,331.0,0.331,10,33.1,3.0
Feld102_R4S_497_R4S_NPZ1,102,16.0,4.0,497,R4S_NPZ1,338.0,0.338,9,37.55555555555556,3.0
Feld103_R4S_255_Atlantic,103,17.0,4.0,255,Atlantic,293.0,0.293,11,26.636363636363637,4.0
Feld104_R4S_335_Dalo Trifolium,104,18.0,4.0,335,Dalo Trifolium,58.0,0.058,10,5.8,6.0
Feld105_R4S_308_ABUKUMA NATANE,105,19.0,4.0,308,ABUKUMA NATANE,217.0,0.217,13,16.692307692307693,3.0
Feld106_R4S_394_Erra,106,20.0,4.0,394,Erra,137.0,0.137,10,13.7,
Feld107_R4S_161_OASE,107,21.0,4.0,161,OASE,204.0,0.204,10,20.4,2.0
Feld108_R4S_211_Lirabon,108,22.0,4.0,211,Lirabon,186.0,0.186,10,18.6,2.0
Feld109_R4S_143_Robust,109,23.0,4.0,143,Robust,218.0,0.218,10,21.8,
Feld110_R4S_382_Norde,110,24.0,4.0,382,Norde,168.0,0.168,10,16.8,
Feld111_R4S_318_SENSATION NZ,111,25.0,4.0,318,SENSATION NZ,46.0,0.046,11,4.181818181818182,1.0
Feld112_R4S_286_Ramses,112,26.0,4.0,286,Ramses,254.0,0.254,10,25.4,5.0
Feld113_R4S_434_J 134,113,27.0,4.0,434,J 134,90.0,0.09,10,9.0,22.0
Feld114_R4S_236_Baros,114,28.0,4.0,236,Baros,211.0,0.211,10,21.1,18.0
Feld115_R4S_377_Sonnengold,115,29.0,4.0,377,Sonnengold,212.0,0.212,10,21.2,3.0
Feld116_R4S_170_Kvintett,116,30.0,4.0,170,Kvintett,107.0,0.107,10,10.7,2.0
Feld117_R4S_326_Tipperary (Magnificent),117,31.0,4.0,326,Tipperary (Magnificent),56.0,0.056,12,4.666666666666667,1.0
Feld118_R4S_543_Smaragd,118,32.0,4.0,543,Smaragd,157.0,0.157,10,15.7,5.0
Feld119_R4S_440_R59,119,33.0,4.0,440,R59,129.0,0.129,10,12.9,31.0
Feld120_R4S_336_Wilhelmsburger Reform,120,34.0,4.0,336,Wilhelmsburger Reform,40.0,0.04,10,4.0,1.0
Feld121_R4S_325_Tankard Bronze Top,121,5.0,5.0,325,Tankard Bronze Top,449.0,0.449,10,44.9,4.0
Feld122_R4S_150_Montego,122,6.0,5.0,150,Montego,280.0,0.28,11,25.454545454545453,
Feld123_R4S_271_Coriander,123,7.0,5.0,271,Coriander,156.0,0.156,12,13.0,
Feld124_R4S_478_H357,124,8.0,5.0,478,H357,232.0,0.232,9,25.77777777777778,0.0
Feld125_R4S_287_Skziverskij,125,9.0,5.0,287,Skziverskij,272.0,0.272,10,27.2,1.0
Feld126_R4S_168_Verona,126,10.0,5.0,168,Verona,432.0,0.432,10,43.2,
Feld127_R4S_530_WINFRED,127,11.0,5.0,530,WINFRED,164.0,0.164,10,16.4,
Feld128_R4S_319_Altasweet,128,12.0,5.0,319,Altasweet,28.0,0.028,12,2.3333333333333335,
Feld129_R4S_207_Phil,129,13.0,5.0,207,Phil,61.0,0.061,10,6.1,3.0
Feld130_R4S_300_Michinaku natane,130,14.0,5.0,300,Michinaku natane,205.0,0.205,10,20.5,1.0
Feld131_R4S_173_Aurum,131,15.0,5.0,173,Aurum,180.0,0.18,14,12.857142857142858,
Feld132_R4S_487_S13,132,16.0,5.0,487,S13,71.0,0.071,10,7.1,12.0
Feld133_R4S_355_RAPID CYCLING RAPE (CrGC5),133,17.0,5.0,355,RAPID CYCLING RAPE (CrGC5),290.0,0.29,10,29.0,
Feld134_R4S_256_Ladoga,134,18.0,5.0,256,Ladoga,174.0,0.174,10,17.4,7.0
Feld135_R4S_513_R31,135,19.0,5.0,513,R31,160.0,0.16,10,16.0,
Feld136_R4S_317_PIKE,136,20.0,5.0,317,PIKE,41.0,0.041,22,1.8636363636363635,0.0
Feld137_R4S_483_OLL 1,137,21.0,5.0,483,OLL 1,83.0,0.083,11,7.545454545454546,2.0
Feld138_R4S_213_Akela,138,22.0,5.0,213,Akela,150.0,0.15,10,15.0,2.0
Feld139_R4S_267_Alesi,139,23.0,5.0,267,Alesi,112.0,0.112,10,11.2,
Feld140_R4S_298_Bladkool,140,24.0,5.0,298,Bladkool,384.0,0.384,11,34.90909090909091,3.0
Feld141_R4S_477_OLY 2,141,25.0,5.0,477,OLY 2,311.0,0.311,10,31.1,2.0
Feld142_R4S_167_Aviso,142,26.0,5.0,167,Aviso,330.0,0.33,11,30.0,2.0
Feld143_R4S_214_Sollux,143,27.0,5.0,214,Sollux,343.0,0.343,13,26.384615384615383,
Feld144_R4S_220_EUROL,144,28.0,5.0,220,EUROL,367.0,0.367,10,36.7,2.0
Feld145_R4S_457_H31,145,29.0,5.0,457,H31,163.0,0.163,10,16.3,19.0
Feld146_R4S_185_NK Passion,146,30.0,5.0,185,NK Passion,300.0,0.3,10,30.0,1.0
Feld147_R4S_495_DSV2,147,31.0,5.0,495,DSV2,263.0,0.263,12,21.916666666666668,6.0
Feld148_R4S_453_L16,148,32.0,5.0,453,L16,299.0,0.299,10,29.9,3.0
Feld149_R4S_399_Resyn-Goe H226,149,33.0,5.0,399,Resyn-Goe H226,192.0,0.192,10,19.2,
Feld150_R4S_254_Capitol,150,34.0,5.0,254,Capitol,134.0,0.134,11,12.181818181818182,
Feld151_R4S_357_E94197,151,5.0,6.0,357,E94197,386.0,0.386,10,38.6,5.0
Feld152_R4S_367_English Giant,152,6.0,6.0,367,English Giant,304.0,0.304,10,30.4,2.0
Feld153_R4S_160_Lion,153,7.0,6.0,160,Lion,192.0,0.192,10,19.2,
Feld154_R4S_541_Smaragd,154,8.0,6.0,541,Smaragd,291.0,0.291,10,29.1,4.0
Feld155_R4S_270_Ceres,155,9.0,6.0,270,Ceres,250.0,0.25,10,25.0,
Feld156_R4S_361_CHEMBERE DZAGUMHANA,156,10.0,6.0,361,CHEMBERE DZAGUMHANA,343.0,0.343,10,34.3,1.0
Feld157_R4S_302_Samo,157,11.0,6.0,302,Samo,460.0,0.46,10,46.0,
Feld158_R4S_405_L239,158,12.0,6.0,405,L239,263.0,0.263,10,26.3,11.0
Feld159_R4S_162_Recital,159,13.0,6.0,162,Recital,259.0,0.259,10,25.9,4.0
Feld160_R4S_515_R31,160,14.0,6.0,515,R31,225.0,0.225,11,20.454545454545453,
Feld161_R4S_299_Liragruen,161,15.0,6.0,299,Liragruen,157.0,0.157,10,15.7,
Feld162_R4S_226_Lilian,162,16.0,6.0,226,Lilian,206.0,0.206,10,20.6,1.0
Feld163_R4S_234_Zephir,163,17.0,6.0,234,Zephir,219.0,0.219,10,21.9,2.0
Feld164_R4S_290_Trebicska,164,18.0,6.0,290,Trebicska,167.0,0.167,10,16.7,4.0
Feld165_R4S_163_Magnum,165,19.0,6.0,163,Magnum,124.0,0.124,10,12.4,25.0
Feld166_R4S_542_Smaragd,166,20.0,6.0,542,Smaragd,180.0,0.18,10,18.0,
Feld167_R4S_262_Lord,167,21.0,6.0,262,Lord,155.0,0.155,10,15.5,6.0
Feld168_R4S_362_BRAUNER SCHNITTKOHL,168,22.0,6.0,362,BRAUNER SCHNITTKOHL,231.0,0.231,10,23.1,4.0
Feld169_R4S_484_R75,169,23.0,6.0,484,R75,279.0,0.279,11,25.363636363636363,2.0
Feld170_R4S_301_Parapluie,170,24.0,6.0,301,Parapluie,384.0,0.384,10,38.4,
Feld171_R4S_247_Madrigal,171,25.0,6.0,247,Madrigal,368.0,0.368,10,36.8,3.0
Feld172_R4S_454_S3,172,26.0,6.0,454,S3,161.0,0.161,10,16.1,1.0
Feld173_R4S_396_Diamant,173,27.0,6.0,396,Diamant,275.0,0.275,10,27.5,2.0
Feld174_R4S_164_Fortis,174,28.0,6.0,164,Fortis,203.0,0.203,10,20.3,5.0
Feld175_R4S_534_WINFRED,175,29.0,6.0,534,WINFRED,270.0,0.27,10,27.0,1.0
Feld176_R4S_322_Essex Model,176,30.0,6.0,322,Essex Model,112.0,0.112,10,11.2,
Feld177_R4S_371_MOANA MOANA RAPE,177,31.0,6.0,371,MOANA MOANA RAPE,215.0,0.215,10,21.5,
Feld178_R4S_313_FORTIN FAMILY,178,32.0,6.0,313,FORTIN FAMILY,200.0,0.2,10,20.0,
Feld179_R4S_219_Lesira,179,33.0,6.0,219,Lesira,214.0,0.214,10,21.4,5.0
Feld180_R4S_274_Guelzower Oelquell,180,34.0,6.0,274,Guelzower Oelquell,220.0,0.22,14,15.714285714285714,
Feld181_R4S_503_Express 617,181,5.0,7.0,503,Express 617,492.0,0.492,10,49.2,
Feld182_R4S_459_S14,182,6.0,7.0,459,S14,160.0,0.16,10,16.0,5.0
Feld183_R4S_278_Libritta,183,7.0,7.0,278,Libritta,494.0,0.494,12,41.166666666666664,10.0
Feld184_R4S_348_Wilhelmsburger,184,8.0,7.0,348,Wilhelmsburger,313.0,0.313,10,31.3,1.0
Feld185_R4S_281_Madora,185,9.0,7.0,281,Madora,411.0,0.411,10,41.1,3.0
Feld186_R4S_381_Panter,186,10.0,7.0,381,Panter,204.0,0.204,9,22.666666666666668,4.0
Feld187_R4S_158_Lipid,187,11.0,7.0,158,Lipid,501.0,0.501,10,50.1,
Feld188_R4S_436_RS13/6,188,12.0,7.0,436,RS13/6,388.0,0.388,10,38.8,1.0
Feld189_R4S_380_Sarepta,189,13.0,7.0,380,Sarepta,441.0,0.441,10,44.1,6.0
Feld190_R4S_323_Parkside,190,14.0,7.0,323,Parkside,133.0,0.133,10,13.3,
Feld191_R4S_276_Jupiter,191,15.0,7.0,276,Jupiter,272.0,0.272,11,24.727272727272727,9.0
Feld192_R4S_152_Missouri,192,16.0,7.0,152,Missouri,264.0,0.264,10,26.4,1.0
Feld193_R4S_504_Express 617,193,17.0,7.0,504,Express 617,314.0,0.314,10,31.4,3.0
Feld194_R4S_172_Aragon,194,18.0,7.0,172,Aragon,292.0,0.292,10,29.2,1.0
Feld195_R4S_502_LG Aviron,195,19.0,7.0,502,LG Aviron,748.0,0.748,10,74.8,
Feld196_R4S_251_Lisabeth,196,20.0,7.0,251,Lisabeth,250.0,0.25,13,19.23076923076923,0.0
Feld197_R4S_183_Prince,197,21.0,7.0,183,Prince,310.0,0.31,10,31.0,2.0
Feld198_R4S_407_S39,198,22.0,7.0,407,S39,262.0,0.262,10,26.2,3.0
Feld199_R4S_159_Lipton,199,23.0,7.0,159,Lipton,343.0,0.343,12,28.583333333333332,
Feld200_R4S_372_CANARD,200,24.0,7.0,372,CANARD,367.0,0.367,10,36.7,
Feld201_R4S_324_Scotia,201,25.0,7.0,324,Scotia,367.0,0.367,10,36.7,7.0
Feld202_R4S_500_LG Atlas,202,26.0,7.0,500,LG Atlas,569.0,0.569,10,56.9,
Feld203_R4S_448_K160.1.1,203,27.0,7.0,448,K160.1.1,256.0,0.256,17,15.058823529411764,12.0
Feld204_R4S_549_ALLESANDRO KWS,204,28.0,7.0,549,ALLESANDRO KWS,374.0,0.374,10,37.4,1.0
Feld205_R4S_205_RESYN-H048,205,29.0,7.0,205,RESYN-H048,205.0,0.205,12,17.083333333333332,4.0
Feld206_R4S_352_LORD DERBY,206,30.0,7.0,352,LORD DERBY,462.0,0.462,16,28.875,1.0
Feld207_R4S_346_Angus,207,31.0,7.0,346,Angus,101.0,0.101,11,9.181818181818182,1.0
Feld208_R4S_439_R76,208,32.0,7.0,439,R76,174.0,0.174,10,17.4,2.0
Feld209_R4S_146_K615,209,33.0,7.0,146,K615,217.0,0.217,11,19.727272727272727,
Feld210_R4S_523_Taisetsu,210,34.0,7.0,523,Taisetsu,395.0,0.395,14,28.214285714285715,2.0
Feld211_R4S_239_SW Sinatra,211,5.0,8.0,239,SW Sinatra,164.0,0.164,10,16.4,1.0
Feld212_R4S_347_Aberdeenshire Prize,212,6.0,8.0,347,Aberdeenshire Prize,115.0,0.115,11,10.454545454545455,9.0
Feld213_R4S_304_Q100,213,7.0,8.0,304,Q100,229.0,0.229,13,17.615384615384617,2.0
Feld214_R4S_418_R64,214,8.0,8.0,418,R64,297.0,0.297,10,29.7,4.0
Feld215_R4S_237_Lorenz,215,9.0,8.0,237,Lorenz,127.0,0.127,10,12.7,
Feld216_R4S_550_ALLESANDRO KWS,216,10.0,8.0,550,ALLESANDRO KWS,406.0,0.406,10,40.6,
Feld217_R4S_365_Palu,217,11.0,8.0,365,Palu,245.0,0.245,10,24.5,
Feld218_R4S_238_Viking,218,12.0,8.0,238,Viking,259.0,0.259,13,19.923076923076923,5.0
Feld219_R4S_334_Sator Oetofte,219,13.0,8.0,334,Sator Oetofte,75.0,0.075,10,7.5,
Feld220_R4S_206_Resyn-Goe S4,220,14.0,8.0,206,Resyn-Goe S4,109.0,0.109,10,10.9,4.0
Feld221_R4S_339_Tina,221,15.0,8.0,339,Tina,130.0,0.13,10,13.0,1.0
Feld222_R4S_315_VOGESA,222,16.0,8.0,315,VOGESA,138.0,0.138,14,9.857142857142858,2.0
Feld223_R4S_533_WINFRED,223,17.0,8.0,533,WINFRED,94.0,0.094,10,9.4,4.0
Feld224_R4S_264_Allure,224,18.0,8.0,264,Allure,178.0,0.178,10,17.8,4.0
Feld225_R4S_488_R12,225,19.0,8.0,488,R12,117.0,0.117,10,11.7,1.0
Feld226_R4S_392_Janpol,226,20.0,8.0,392,Janpol,278.0,0.278,16,17.375,5.0
Feld227_R4S_368_Dwarf Essex,227,21.0,8.0,368,Dwarf Essex,110.0,0.11,11,10.0,9.0
Feld228_R4S_485_K29,228,22.0,8.0,485,K29,105.0,0.105,10,10.5,8.0
Feld229_R4S_260_Boston,229,23.0,8.0,260,Boston,187.0,0.187,10,18.7,1.0
Feld230_R4S_435_S45.2.2,230,24.0,8.0,435,S45.2.2,65.0,0.065,10,6.5,45.0
Feld231_R4S_401_H231,231,25.0,8.0,401,H231,234.0,0.234,12,19.5,6.0
Feld232_R4S_179_Ascona,232,26.0,8.0,179,Ascona,209.0,0.209,10,20.9,2.0
Feld233_R4S_200_Darmor,233,27.0,8.0,200,Darmor,99.0,0.099,10,9.9,19.0
Feld234_R4S_148_Rodeo,234,28.0,8.0,148,Rodeo,159.0,0.159,10,15.9,2.0
Feld235_R4S_397_Brink,235,29.0,8.0,397,Brink,319.0,0.319,15,21.266666666666666,3.0
Feld236_R4S_492_FELICIANO KWS,236,30.0,8.0,492,FELICIANO KWS,218.0,0.218,10,21.8,2.0
Feld237_R4S_496_DSV3,237,31.0,8.0,496,DSV3,204.0,0.204,10,20.4,3.0
Feld238_R4S_388_Liporta,238,32.0,8.0,388,Liporta,145.0,0.145,10,14.5,2.0
Feld239_R4S_422_G89,239,33.0,8.0,422,G89,73.0,0.073,10,7.3,16.0
Feld240_R4S_552_ALLESANDRO KWS,240,34.0,8.0,552,ALLESANDRO KWS,341.0,0.341,25,13.64,4.0
Feld241_R4S_493_KWS ARIANOS,241,5.0,9.0,493,KWS ARIANOS,280.0,0.28,10,28.0,5.0
Feld242_R4S_376_Victor,242,6.0,9.0,376,Victor,311.0,0.311,13,23.923076923076923,
Feld243_R4S_512_R31,243,7.0,9.0,512,R31,223.0,0.223,13,17.153846153846153,5.0
Feld244_R4S_461_H365,244,8.0,9.0,461,H365,209.0,0.209,10,20.9,3.0
Feld245_R4S_316_BRONZE TOP,245,9.0,9.0,316,BRONZE TOP,139.0,0.139,9,15.444444444444445,1.0
Feld246_R4S_375_Vinnickij 15/59,246,10.0,9.0,375,Vinnickij 15/59,264.0,0.264,14,18.857142857142858,1.0
Feld247_R4S_364_Silona,247,11.0,9.0,364,Silona,306.0,0.306,10,30.6,
Feld248_R4S_284_Nemertschanskij 1,248,12.0,9.0,284,Nemertschanskij 1,285.0,0.285,10,28.5,2.0
Feld249_R4S_452_G56,249,13.0,9.0,452,G56,77.0,0.077,10,7.7,46.0
Feld250_R4S_144_Adder,250,14.0,9.0,144,Adder,221.0,0.221,14,15.785714285714286,3.0
Feld251_R4S_194_LEMBKES MALCHOWER (LENORA),251,15.0,9.0,194,LEMBKES MALCHOWER (LENORA),164.0,0.164,10,16.4,
Feld252_R4S_548_ALLESANDRO KWS,252,16.0,9.0,548,ALLESANDRO KWS,231.0,0.231,11,21.0,5.0
Feld253_R4S_244_NK Bravour,253,17.0,9.0,244,NK Bravour,217.0,0.217,10,21.7,2.0
Feld254_R4S_460_K53,254,18.0,9.0,460,K53,146.0,0.146,11,13.272727272727273,4.0
Feld255_R4S_182_Pollen,255,19.0,9.0,182,Pollen,151.0,0.151,12,12.583333333333334,
Feld256_R4S_229_Jessica,256,20.0,9.0,229,Jessica,152.0,0.152,10,15.2,1.0
Feld258_R4S_312_TAIWAN,258,22.0,9.0,312,TAIWAN,153.0,0.153,10,15.3,12.0
Feld259_R4S_252_Lirajet,259,23.0,9.0,252,Lirajet,149.0,0.149,14,10.642857142857142,
Feld260_R4S_231_Campari,260,24.0,9.0,231,Campari,193.0,0.193,11,17.545454545454547,10.0
Feld261_R4S_540_Smaragd,261,25.0,9.0,540,Smaragd,162.0,0.162,11,14.727272727272727,2.0
Feld262_R4S_223_BIENVENU DH4,262,26.0,9.0,223,BIENVENU DH4,152.0,0.152,10,15.2,
Feld263_R4S_424_R18,263,27.0,9.0,424,R18,37.0,0.037,11,3.3636363636363638,18.0
Feld264_R4S_235_Nugget,264,28.0,9.0,235,Nugget,234.0,0.234,14,16.714285714285715,4.0
Feld265_R4S_283_Mytnickij,265,29.0,9.0,283,Mytnickij,135.0,0.135,10,13.5,1.0
Feld266_R4S_188_CANBERRA x COURAGE DH LINE,266,30.0,9.0,188,CANBERRA x COURAGE DH LINE,292.0,0.292,14,20.857142857142858,4.0
Feld267_R4S_277_Krapphauser,267,31.0,9.0,277,Krapphauser,66.0,0.066,10,6.6,2.0
Feld268_R4S_514_R31,268,32.0,9.0,514,R31,145.0,0.145,10,14.5,4.0
Feld269_R4S_444_1012-98,269,33.0,9.0,444,1012-98,53.0,0.053,11,4.818181818181818,28.0
Feld270_R4S_145_Milena,270,34.0,9.0,145,Milena,227.0,0.227,12,18.916666666666668,3.0
Feld271_R4S_466_L90,271,5.0,10.0,466,L90,407.0,0.407,16,25.4375,1.0
Feld272_R4S_245_Roxet,272,6.0,10.0,245,Roxet,147.0,0.147,11,13.363636363636363,1.0
Feld273_R4S_218_SHANNON x WINNER DH LINE,273,7.0,10.0,218,SHANNON x WINNER DH LINE,253.0,0.253,10,25.3,1.0
Feld274_R4S_230_Caramba,274,8.0,10.0,230,Caramba,313.0,0.313,10,31.3,3.0
Feld275_R4S_463_S101,275,9.0,10.0,463,S101,197.0,0.197,11,17.90909090909091,7.0
Feld276_R4S_465_S4,276,10.0,10.0,465,S4,208.0,0.208,9,23.11111111111111,2.0
Feld277_R4S_153_Manitoba,277,11.0,10.0,153,Manitoba,462.0,0.462,14,33.0,
Feld278_R4S_449_G50,278,12.0,10.0,449,G50,141.0,0.141,10,14.1,8.0
Feld279_R4S_378_Sobotkowski,279,13.0,10.0,378,Sobotkowski,208.0,0.208,11,18.90909090909091,
Feld280_R4S_227_Wotan,280,14.0,10.0,227,Wotan,193.0,0.193,10,19.3,3.0
Feld281_R4S_202_Mohican,281,15.0,10.0,202,Mohican,189.0,0.189,10,18.9,
Feld282_R4S_524_Taisetsu,282,16.0,10.0,524,Taisetsu,529.0,0.529,16,33.0625,3.0
Feld283_R4S_222_HANSEN X GASPARD DH LINE,283,17.0,10.0,222,HANSEN X GASPARD DH LINE,283.0,0.283,10,28.3,
Feld284_R4S_393_Gross-Luesewitzer,284,18.0,10.0,393,Gross-Luesewitzer,261.0,0.261,10,26.1,12.0
Feld285_R4S_306_RAGGED JACK,285,19.0,10.0,306,RAGGED JACK,287.0,0.287,25,11.48,3.0
Feld286_R4S_293_K26-96,286,20.0,10.0,293,K26-96,192.0,0.192,10,19.2,2.0
Feld288_R4S_447_K306,288,22.0,10.0,447,K306,114.0,0.114,10,11.4,33.0
Feld289_R4S_193_LICROWN X EXPRESS DH LINE,289,23.0,10.0,193,LICROWN X EXPRESS DH LINE,114.0,0.114,12,9.5,5.0
Feld290_R4S_356_GRUENER SCHNITTKOHL,290,24.0,10.0,356,GRUENER SCHNITTKOHL,121.0,0.121,10,12.1,
Feld291_R4S_456_S17,291,25.0,10.0,456,S17,159.0,0.159,10,15.9,3.0
Feld292_R4S_516_R31,292,26.0,10.0,516,R31,139.0,0.139,11,12.636363636363637,2.0
Feld293_R4S_383_Moldavia,293,27.0,10.0,383,Moldavia,149.0,0.149,12,12.416666666666666,3.0
Feld294_R4S_232_Beluga,294,28.0,10.0,232,Beluga,144.0,0.144,10,14.4,5.0
Feld295_R4S_171_Falstaff,295,29.0,10.0,171,Falstaff,116.0,0.116,10,11.6,
Feld296_R4S_332_Hollandse Gele Roodkop,296,30.0,10.0,332,Hollandse Gele Roodkop,58.0,0.058,11,5.2727272727272725,
Feld297_R4S_429_L122,297,31.0,10.0,429,L122,234.0,0.234,10,23.4,
Feld298_R4S_228_Orlando,298,32.0,10.0,228,Orlando,311.0,0.311,10,31.1,0.0
Feld299_R4S_272_Doral,299,33.0,10.0,272,Doral,251.0,0.251,10,25.1,1.0
Feld300_R4S_180_Duell,300,34.0,10.0,180,Duell,172.0,0.172,11,15.636363636363637,
