qr_code,plot,reihe,spalte,genotype,is_smagrad_separator,larvae_manual,larvae_raw,obs
R4S_422,239.0,7.0,23.0,Lipton,False,2,2i,
R4S_211,108.0,3.0,36.0,Smaragd,True,40,40i,part. Very small
R4S_435,230.0,7.0,14.0,Parkside,False,1,1i,
R4S_434,113.0,4.0,5.0,R4S_NPZ3,False,1,1i,
R4S_397,235.0,7.0,19.0,LG Aviron,False,5,5i,
R4S_233,39.0,2.0,3.0,Smaragd,True,0,0,
R4S_287,287.0,8.0,35.0,Smaragd,True,5,5i,
R4S_344,25.0,1.0,25.0,Alaska,False,4,4i,
R4S_387,4.0,1.0,4.0,Smaragd,True,2,2i,
R4S_471,41.0,2.0,5.0,Express 617,False,0,0,
R4S_308,105.0,3.0,33.0,Agalon,False,5,5i,
R4S_495,147.0,5.0,3.0,Smaragd,True,2,2i,
R4S_335,104.0,3.0,32.0,Quedlinburger Platzfester,False,0,0,
R4S_418,214.0,6.0,34.0,Guelzower Oelquell,False,10,10i,
R4S_245,272.0,8.0,20.0,Janpol,False,12,12i,
R4S_347,212.0,6.0,32.0,FORTIN FAMILY,False,1,1i,
R4S_215,99.0,3.0,27.0,Start,False,5,5i,
R4S_449,278.0,8.0,26.0,Ascona,False,3,3i,
R4S_319,128.0,4.0,20.0,Erra,False,20,20i,
R4S_195,40.0,2.0,4.0,Smaragd,True,0,0,
R4S_394,106.0,3.0,34.0,Anja,False,4,4i,
R4S_371,,,,,,9,9i,
R4S_496,237.0,7.0,21.0,Prince,False,2,2i,
R4S_378,279.0,8.0,27.0,Darmor,False,2,2i,
R4S_200,233.0,7.0,17.0,Express 617,False,45,45i,
R4S_185,146.0,5.0,2.0,Smaragd,True,9,9i,
R4S_478,124.0,4.0,16.0,R4S_NPZ1,False,5,5i,
R4S_180,300.0,9.0,12.0,Nemertschanskij 1,False,1,1i,
R4S_317,136.0,4.0,28.0,Baros,False,21,21i,
RAS_320,287.0,8.0,35.0,Smaragd,True,0,0,
R4S_273,100.0,3.0,28.0,Sansibar,False,42,42i,
R4S_276,191.0,6.0,11.0,Samo,False,0,0,
R4S_366,35.0,1.0,35.0,Smaragd,True,10,10i,
R4S_456,291.0,9.0,3.0,Smaragd,True,3,3i,
R4S_346,207.0,6.0,27.0,Diamant,False,20,20i,
R4S_304,213.0,6.0,33.0,Lesira,False,0,0,
R4S_357,151.0,5.0,7.0,Coriander,False,8,8i,
R4S_388,238.0,7.0,22.0,S39,False,0,0,
R4S_341,98.0,3.0,26.0,Bangholm PT,False,28,28i,
R4S_440,119.0,4.0,11.0,Express 617,False,4,4i,
R4S_459,182.0,6.0,2.0,Smaragd,True,3,3i,
R4S_393,284.0,8.0,32.0,Liporta,False,0,0,
R4S_184,51.0,2.0,15.0,H61,False,1,1i,
R4S_218,273.0,8.0,21.0,Dwarf Essex,False,3,3i,
R4S_381,186.0,6.0,6.0,English Giant,False,0,0,
R4S_361,156.0,5.0,12.0,Altasweet,False,1,1i,
R4S_548,252.0,7.0,36.0,Smaragd,True,8,8i,
R4S_278,183.0,6.0,3.0,Smaragd,True,0,0,
R4S_339,221.0,7.0,5.0,Express 617,False,26,26i,
R4S_160,153.0,5.0,9.0,Skziverskij,False,1,1i,
R4S_463,275.0,8.0,23.0,Boston,False,6,6i,
R4S_533,223.0,7.0,7.0,Libritta,False,0,0,
R4S_162,159.0,5.0,15.0,Aurum,False,1,1i,
R4S_524,282.0,8.0,30.0,FELICIANO KWS,False,3,3i,
R4S_154,48.0,2.0,12.0,OLIMPIADE,False,60,60i,
R4S_262,167.0,5.0,23.0,Alesi,False,51,51i,
R4S_447,288.0,8.0,36.0,Smaragd,True,27,27i,
R4S_316,245.0,7.0,29.0,RESYN-H048,False,21,21i,
R4S_485,228.0,7.0,12.0,RS13/6,False,16,16i,
R4S_153,277.0,8.0,25.0,H231,False,4,4i,
R4S_429,297.0,9.0,9.0,BRONZE TOP,False,5,5i,
R4S_385,45.0,2.0,9.0,Nunsdale,False,7,7i,
R4S_312,258.0,8.0,6.0,Aberdeenshire Prize,False,0,0,
R4S_384,24.0,1.0,24.0,Picasso,False,3,3i,
R4S_212,2.0,1.0,2.0,Smaragd,True,9,9i,
R4S_492,236.0,7.0,20.0,Lisabeth,False,51,51i,
R4S_252,259.0,8.0,7.0,Q100,False,7,7i,
R4S_392,226.0,7.0,10.0,Panter,False,0,0,
R4S_229,256.0,8.0,4.0,Smaragd,True,0,0,
R4S_167,142.0,4.0,34.0,Wilhelmsburger Reform,False,7,7i,
R4S_512,243.0,7.0,27.0,K160.1.1,False,11,11i,
R4S_437,12.0,1.0,12.0,J 154,False,9,9i,
R4S_552,240.0,7.0,24.0,CANARD,False,1,1i,
R4S_470,1.0,1.0,1.0,Smaragd,True,3,3i,
R4S_488,225.0,7.0,9.0,Madora,False,9,9i,
R4S_368,227.0,7.0,11.0,Lipid,False,0,0,
R4S_444,269.0,8.0,17.0,WINFRED,False,3,3i,
R4S_172,194.0,6.0,14.0,R31,False,30,30i,
R4S_498,96.0,3.0,24.0,Laser,False,6,6i,
R4S_194,251.0,7.0,35.0,Smaragd,True,26,26i,
R4S_259,101.0,3.0,29.0,RAFAL DH1,False,16,16i,
R4S_286,112.0,4.0,4.0,Smaragd,True,0,0,
R4S_332,296.0,9.0,8.0,H365,False,3,3i,
R4S_460,254.0,8.0,2.0,Smaragd,True,7,7i,
R4S_264,224.0,7.0,8.0,Wilhelmsburger,False,9,9i,
R4S_238,218.0,7.0,2.0,Smaragd,True,27,27i,
R4S_428,92.0,3.0,20.0,H355,False,2,2,
R4S_156,63.0,2.0,27.0,Maplus,False,10,10i,
R4S_367,152.0,5.0,8.0,H357,False,41,41i,
R4S_283,265.0,8.0,13.0,Sator Oetofte,False,0,0,
R4S_144,250.0,7.0,34.0,Taisetsu,False,2,2i,
R4S_277,267.0,8.0,15.0,Tina,False,1,1i,
R4S_483,137.0,4.0,29.0,Sonnengold,False,18,18i,
R4S_334,219.0,7.0,3.0,Smaragd,True,8,8i,
R4S_298,140.0,4.0,32.0,Smaragd,True,2,2i,
R4S_398,58.0,2.0,22.0,Cooper,False,34,34i,
R4S_281,185.0,6.0,5.0,E94197,False,15,15i,
R4S_362,168.0,5.0,24.0,Bladkool,False,0,0,
R4S_452,249.0,7.0,33.0,K615,False,2,2i,
R4S_221,29.0,1.0,29.0,Conqueror Bronze Green Top,False,2,2i,
R4S_322,176.0,5.0,32.0,L16,False,13,13i,
R4S_433,5.0,1.0,5.0,A4C34,False,2,2i,
R4S_306,285.0,8.0,33.0,G89,False,1,1i,
R4S_543,118.0,4.0,10.0,R4S_NPZ2,False,1,1i,
R4S_284,248.0,7.0,32.0,R76,False,8,8i,
R4S_216,38.0,2.0,2.0,Smaragd,True,4,4i,
R4S_213,138.0,4.0,30.0,Kvintett,False,0,0,
R4S_255,103.0,3.0,31.0,BRISTOL,False,20,20i,
R4S_209,9.0,1.0,9.0,SEM,False,77,77i,
R4S_181,31.0,1.0,31.0,Peerless (Acme),False,0,0,
R4S_263,89.0,3.0,17.0,NK Fair,False,4,4i,
R4S_405,158.0,5.0,14.0,Michinaku natane,False,10,10i,
R4S_336,120.0,4.0,12.0,Purple Top,False,2,2i,
R4S_235,264.0,8.0,12.0,Viking,False,0,0,
R4S_226,162.0,5.0,18.0,Ladoga,False,23,23i,
R4S_254,150.0,5.0,6.0,Montego,False,1,1i,
R4S_399,149.0,5.0,5.0,Tankard Bronze Top,False,0,0,
R4S_323,190.0,6.0,10.0,CHEMBERE DZAGUMHANA,False,7,7i,
R4S_373,81.0,3.0,9.0,Ontario,False,1,1i,
R4S_359,36.0,1.0,36.0,Smaragd,True,22,22i,
R4S_358,34.0,1.0,34.0,EMERALD,False,0,0,
R4S_484,169.0,5.0,25.0,OLY 2,False,1,1i,
R4S_326,117.0,4.0,9.0,FS94.3,False,2,2i,
R4S_203,67.0,2.0,31.0,JANETZKIS SCHLESISCHER,False,4,4,
R4S_477,141.0,4.0,33.0,R59,False,71,71i,
R4S_146,209.0,6.0,29.0,WINFRED,False,30,30i,
R4S_356,290.0,9.0,2.0,Smaragd,True,13,13i,
R4S_386,11.0,1.0,11.0,S30,False,10,10i,
R4S_407,198.0,6.0,18.0,Trebicska,False,3,3i,
R4S_542,166.0,5.0,22.0,Akela,False,3,3i,
R4S_267,139.0,4.0,31.0,Tipperary (Magnificent),False,1,1i,
R4S_222,283.0,8.0,31.0,DSV3,False,2,2i,
R4S_345,82.0,3.0,10.0,V8,False,1,1i,
R4S_324,201.0,6.0,21.0,Lord,False,67,67i,
R4S_151,65.0,2.0,29.0,Musette,False,2,2i,
R4S_285,88.0,3.0,16.0,Samourai,False,0,0,
R4S_202,281.0,8.0,29.0,Brink,False,0,0,
R4S_145,270.0,8.0,18.0,Allure,False,45,45i,
R4S_268,90.0,3.0,18.0,Drummonds Purple Top,False,0,0,
R4S_269,37.0,2.0,1.0,Smaragd,True,2,2i,
R4S_439,208.0,6.0,28.0,Fortis,False,11,11i,
R4S_465,276.0,8.0,24.0,S45.2.2,False,6,6i,
R4S_224,22.0,1.0,22.0,AMBER X COMMANCHE DH LINE,False,2,2i,
R4S_504,193.0,6.0,13.0,Recital,False,0,0,
R4S_293,286.0,8.0,34.0,ALLESANDRO KWS,False,13,13i,
R4S_251,196.0,6.0,16.0,Lilian,False,8,8i,
R4S_292,66.0,2.0,30.0,R53,False,16,16i,
R4S_272,299.0,9.0,11.0,Silona,False,4,4i,
R4S_305,43.0,2.0,7.0,York,False,27,27i,
R4S_183,187.0,6.0,7.0,Lion,False,5,5i,
R4S_514,268.0,8.0,16.0,VOGESA,False,3,3i,
R4S_164,174.0,5.0,30.0,NK Passion,False,2,2i,
R4S_300,130.0,4.0,22.0,Lirabon,False,5,5i,
R4S_313,178.0,5.0,34.0,Capitol,False,0,0,
R4S_365,217.0,7.0,1.0,Smaragd,True,3,3i,
R4S_442,10.0,1.0,10.0,Taisetsu,False,54,54i,
R4S_161,107.0,3.0,35.0,Smaragd,True,22,22i,
R4S_342,27.0,1.0,27.0,Skrzeszowicki,False,25,25i,
R4S_516,292.0,9.0,4.0,Smaragd,True,105,105i,
R4S_231,260.0,8.0,8.0,R64,False,85,85i,
R4S_375,246.0,7.0,30.0,LORD DERBY,False,5,5i,
R4S_177,13.0,1.0,13.0,Falcon,False,8,8i,
R4S_236,114.0,4.0,6.0,S35,False,0,0,
R4S_364,247.0,7.0,31.0,Angus,False,86,86i,
R4S_318,111.0,4.0,3.0,Smaragd,True,8,8i,
R4S_315,222.0,7.0,6.0,S14,False,0,0,
R4S_147,20.0,1.0,20.0,Pirola,False,0,0,
R4S_182,255.0,8.0,3.0,Smaragd,True,1,1i,
R4S_170,116.0,4.0,8.0,S16,False,12,12i,
R4S_256,134.0,4.0,26.0,Ramses,False,18,18i,
R4S_406,7.0,1.0,7.0,Wolynski,False,13,13i,
R4S_301,170.0,5.0,26.0,Aviso,False,14,14i,
R4S_379,23.0,1.0,23.0,WINFRED,False,3,3i,
R4S_294,56.0,2.0,20.0,Lirakotta,False,24,24i,
R4S_228,298.0,9.0,10.0,Vinnickij 15/59,False,9,9i,
R4S_466,271.0,8.0,19.0,R12,False,75,75i,
R4S_331,62.0,2.0,26.0,Dippes,False,20,20i,
R4S_291,3.0,1.0,3.0,Smaragd,True,0,0,
R4S_204,68.0,2.0,32.0,Bolko,False,6,6i,
R4S_505,86.0,3.0,14.0,Smaragd,True,6,6i,
R4S_343,74.0,3.0,2.0,Smaragd,True,0,0,
R4S_189,44.0,2.0,8.0,PI271452,False,37,37i,
R4S_534,175.0,5.0,31.0,DSV2,False,14,14i,
R4S_500,202.0,6.0,22.0,BRAUNER SCHNITTKOHL,False,0,0,
R4S_243,84.0,3.0,12.0,Leopard,False,25,25i,
R4S_355,133.0,4.0,25.0,SENSATION NZ,False,21,21i,
R4S_376,242.0,7.0,26.0,LG Atlas,False,49,49i,
R4S_531,19.0,1.0,19.0,Librador,False,4,4i,
R4S_247,171.0,5.0,27.0,Sollux,False,5,^5i,
R4S_234,163.0,5.0,19.0,R31,False,3,3i,
R4S_219,179.0,5.0,35.0,Smaragd,True,0,0,
R4S_214,143.0,4.0,35.0,Smaragd,True,0,0,
R4S_280,46.0,2.0,10.0,SIBERISCHE BOERENKOOL,False,46,46i,
R4S_275,50.0,2.0,14.0,NORIN,False,31,31i,
R4S_260,229.0,7.0,13.0,Sarepta,False,0,0,
R4S_187,18.0,1.0,18.0,DH5 Oase x Nugget  PBY061 von NPZ,False,31,31i,
R4S_299,161.0,5.0,17.0,RAPID CYCLING RAPE (CrGC5),False,0,0,
R4S_149,28.0,1.0,28.0,Mestnij,False,7,7i,
R4S_383,293.0,9.0,5.0,KWS ARIANOS,False,6,6i,
R4S_454,172.0,5.0,28.0,EUROL,False,24,24i,
R4S_436,188.0,6.0,8.0,Smaragd,True,5,5i,
R4S_329,69.0,2.0,33.0,LG Avenger,False,2,2i,
R4S_290,164.0,5.0,20.0,PIKE,False,0,0,
R4S_352,206.0,6.0,26.0,S3,False,1,1i,
R4S_274,180.0,5.0,36.0,Smaragd,True,5,5i,
R4S_199,53.0,2.0,17.0,COUVE NABICA,False,49,49i,
R4S_448,203.0,6.0,23.0,R75,False,0,0,
R4S_408,14.0,1.0,14.0,INL 2,False,0,0,
R4S_541,154.0,5.0,10.0,Verona,False,0,0,
R4S_288,16.0,1.0,16.0,S2,False,3,3i,
R4S_506,97.0,3.0,25.0,25629-3,False,5,5i,
R4S_499,91.0,3.0,19.0,Liglory,False,4,4i,
R4S_503,181.0,6.0,1.0,Smaragd,True,7,7i,
R4S_279,75.0,3.0,3.0,Smaragd,True,2,2i,
R4S_438,93.0,3.0,21.0,S5,False,36,36i,
R4S_417,76.0,3.0,4.0,Smaragd,True,0,0,
R4S_539,70.0,2.0,34.0,R8,False,0,0,
R4S_530,127.0,4.0,19.0,ABUKUMA NATANE,False,0,0,
R4S_169,71.0,2.0,35.0,Smaragd,True,4,4i,
R4S_521,6.0,1.0,6.0,Askari,False,2,2i,
R4S_391,79.0,3.0,7.0,Vivol,False,18,18i,
R4S_190,85.0,3.0,13.0,Rotabaggeue,False,2,2i,
R4S_396,173.0,5.0,29.0,H31,False,25,25i,
R4S_193,289.0,9.0,1.0,Smaragd,True,42,42i,
R4S_453,148.0,5.0,4.0,Smaragd,True,2,2i,
R4S_458,95.0,3.0,23.0,Jantar,False,0,0,
R4S_348,184.0,6.0,4.0,Smaragd,True,3,3i,
R4S_152,192.0,6.0,12.0,L239,False,7,7i,
R4S_166,73.0,3.0,1.0,Smaragd,True,31,31i,
R4S_266,21.0,1.0,21.0,SWGospel,False,12,12i,
R4S_205,205.0,6.0,25.0,Madrigal,False,14,14i,
R4S_271,123.0,4.0,15.0,Escort,False,1,1i,
R4S_532,32.0,1.0,32.0,Rapid,False,2,2i,
R4S_395,52.0,2.0,16.0,Slovenska Krajova,False,5,5i,
R4S_150,122.0,4.0,14.0,Edita,False,3,3i,
R4S_382,110.0,4.0,2.0,Smaragd,True,5,5i,
R4S_487,132.0,4.0,24.0,Norde,False,0,0,
R4S_244,253.0,8.0,1.0,Smaragd,True,2,2i,
R4S_232,294.0,9.0,6.0,Victor,False,26,26i,
R4S_296,30.0,1.0,30.0,Barrel,False,2,2i,
R4S_523,210.0,6.0,30.0,Essex Model,False,8,8i,
R4S_168,126.0,4.0,18.0,Dalo Trifolium,False,27,27i,
R4S_159,199.0,6.0,19.0,Magnum,False,3,3i,
R4S_239,211.0,6.0,31.0,MOANA MOANA RAPE,False,4,4i,
R4S_302,157.0,5.0,13.0,Phil,False,0,0,
R4S_325,121.0,4.0,13.0,SHANG-YOU,False,0,0,
R4S_494,64.0,2.0,28.0,Taisetsu,False,5,5i,
R4S_188,266.0,8.0,14.0,Resyn-Goe S4,False,9,9i,
R4S_242,17.0,1.0,17.0,SLM 0512,False,106,106i,
R4S_246,80.0,3.0,8.0,DSV1,False,0,0,
R4S_424,263.0,8.0,11.0,Palu,False,7,7i,
R4S_289,83.0,3.0,11.0,Flip,False,45,45,
R4S_489,94.0,3.0,22.0,Taisetsu,False,14,14i,
R4S_427,8.0,1.0,8.0,Lirafit,False,4,4i,
R4S_372,200.0,6.0,20.0,Smaragd,True,22,22i,
R4S_265,16.0,1.0,16.0,S2,False,42,42i,
R4S_158,187.0,6.0,7.0,Lion,False,5,5i,
R4S_461,244.0,7.0,28.0,ALLESANDRO KWS,False,12,12i,
R4S_522,,,,,,0,0,
R4S_457,145.0,5.0,1.0,Smaragd,True,10,10i,
R4S_493,241.0,7.0,25.0,Scotia,False,4,4i,
R4S_451,77.0,3.0,5.0,J 104,False,2,2i,
R4S_490,60.0,2.0,24.0,Hokkai 3-Go,False,4,4i,
R4S_443,61.0,2.0,25.0,NK Nemax,False,3,3i,
R4S_497,102.0,3.0,30.0,Express 617,False,1,1i,
R4S_377,115.0,4.0,7.0,R99,False,67,67i,
R4S_501,59.0,2.0,23.0,Express 617,False,0,0,
R4S_173,131.0,4.0,23.0,Robust,False,2,2i,
R4S_225,26.0,1.0,26.0,APEX-93_5 X GINYOU_3 DH LINE,False,0,0,
R4S_223,262.0,8.0,10.0,ALLESANDRO KWS,False,11,11i,
R4S_550,216.0,6.0,36.0,Smaragd,True,2,2i,
R4S_507,49.0,2.0,13.0,LSF 0519,False,0,0,
R4S_227,280.0,8.0,28.0,Rodeo,False,9,9i,
R4S_551,47.0,2.0,11.0,Baltia,False,0,0,
R4S_549,204.0,6.0,24.0,Parapluie,False,13,13i,
R4S_179,232.0,7.0,16.0,Missouri,False,4,4i,
R4S_157,87.0,3.0,15.0,Tenor,False,0,0,
R4S_143,109.0,4.0,1.0,Smaragd,True,6,6i,
R4S_220,144.0,4.0,36.0,Smaragd,True,5,5i,
R4S_230,274.0,8.0,22.0,K29,False,12,12i,
R4S_237,215.0,6.0,35.0,Smaragd,True,0,0,
R4S_148,234.0,7.0,18.0,Aragon,False,19,19i,
R4S_163,165.0,5.0,21.0,OLL 1,False,42,42i,
R4S_217,57.0,2.0,21.0,ALLESANDRO KWS,False,68,68i,
R4S_197,72.0,2.0,36.0,Smaragd,True,7,7i,
R4S_206,220.0,7.0,4.0,Smaragd,True,27,27i,
R4S_171,295.0,9.0,7.0,R31,False,4,4i,
R4S_240,55.0,2.0,19.0,Markus,False,33,33i,
R4S_540,261.0,8.0,9.0,Lorenz,False,3,3i,
R4S_207,129.0,4.0,21.0,OASE,False,61,61i,
R4S_401,231.0,7.0,15.0,Jupiter,False,14,14i,
R4S_513,135.0,4.0,27.0,J 134,False,1,1i,
R4S_380,189.0,6.0,9.0,Ceres,False,5,5i,
R4S_270,155.0,5.0,11.0,WINFRED,False,0,0,
R4S_515,160.0,5.0,16.0,S13,False,12,12i,
R4S_389,15.0,1.0,15.0,Major,False,0,0,großes Gefäß
R4S_502,195.0,6.0,15.0,Liragruen,False,0,0,großes Gefäß
R4S_257,205.0,6.0,25.0,Madrigal,False,0,0,großes Gefäß
R4S_327,33.0,1.0,33.0,MADRIGAL x RECITAL DH LINE,False,0,0,großes Gefäß
R4S_525,54.0,2.0,18.0,CAPRICORN DH1,False,0,0,großes Gefäß
