barcode,parcel_plot,parcel_spalte,parcel_reihe,parcel_r4s,plant_weight_g,plant_weight_kg,n_plants,plant_weight_per_plant_g,observations,plot_trap_disassemble,larvae_in_tray_manual,tray_observation
Plot1_Spalte1_Reihe1_R4S_470_A4C,1,1,1,470,109.0,0.109,8,13.625,rotten roots an leaves,1,0,
Plot2_Spalte1_Reihe2_R4S_212_Ask,2,1,2,212,457.0,0.457,11,41.545454545454554,,missing?,,
Plot3_Spalte1_Reihe3_R4S_291_Wol,3,1,3,291,468.0,0.468,10,46.8,,3,1,
Plot4_Spalte1_Reihe4_R4S_387_Lir,4,1,4,387,538.0,0.538,11,48.90909090909091,,4,0,
Plot5_Spalte1_Reihe5_R4S_433_SEM,5,1,5,433,332.0,0.332,10,33.2,,5,0,
Plot6_Spalte1_Reihe6_R4S_521_Tai,6,1,6,521,694.0,0.694,10,69.4,,6,0,
Plot7_Spalte1_Reihe7_R4S_406_S30,7,1,7,406,514.0,0.514,11,46.72727272727273,,7,1 pupae in,
Plot8_Spalte1_Reihe8_R4S_427_J 1,8,1,8,427,566.0,0.566,9,62.888888888888886,,8,12i,
Plot9_Spalte1_Reihe9_R4S_209_Fal,9,1,9,209,592.0,0.592,10,59.2,,9,0,
Plot10_Spalte1_Reihe10_R4S_442_I,10,1,10,442,469.0,0.469,10,46.9,,10,2i,
Plot11_Spalte1_Reihe11_R4S_386_M,11,1,11,386,575.0,0.575,11,52.27272727272727,,11,0,
Plot12_Spalte1_Reihe12_R4S_437_S,12,1,12,437,581.0,0.581,10,58.1,big plants,12,0,
Plot13_Spalte1_Reihe13_R4S_177_S,13,1,13,177,557.0,0.557,10,55.7,,13,1i,
Plot14_Spalte1_Reihe14_R4S_408_D,14,1,14,408,470.0,0.47,10,47.0,,14,0,
Plot15_Spalte1_Reihe15_R4S_389_L,15,1,15,389,423.0,0.423,10,42.3,,15,6i,
Plot16_Spalte1_Reihe16_R4S_265_P,16,1,16,265,362.0,0.362,10,36.2,,16,8i,
Plot17_Spalte1_Reihe17_R4S_242_S,17,1,17,242,422.0,0.422,10,42.2,,17,4i,
Plot18_Spalte1_Reihe18_R4S_187_A,18,1,18,187,676.0,0.676,10,67.6,,18,7i,
Plot19_Spalte1_Reihe19_R4S_531_W,19,1,19,531,400.0,0.4,10,40.0,,19,0,
Plot20_Spalte1_Reihe20_R4S_147_P,20,1,20,147,424.0,0.424,10,42.4,,20,0,
Plot21_Spalte1_Reihe21_R4S_266_A,21,1,21,266,532.0,0.532,10,53.2,,21,0,
Plot22_Spalte1_Reihe22_R4S_224_A,22,1,22,224,569.0,0.569,10,56.9,,22,5i / 1 pupae,
Plot23_Spalte1_Reihe23_R4S_379_S,23,1,23,379,402.0,0.402,10,40.2,,23,0,
Plot24_Spalte1_Reihe24_R4S_384_M,24,1,24,384,478.0,0.478,11,43.454545454545446,,24,1i,
Plot25_Spalte1_Reihe25_R4S_344_C,25,1,25,344,237.0,0.237,10,23.7,,25,0,
Plot26_Spalte1_Reihe26_R4S_225_B,26,1,26,225,590.0,0.59,10,59.0,,26,2i,
Plot27_Spalte1_Reihe27_R4S_342_P,27,1,27,342,194.0,0.194,10,19.4,,27,0,
Plot28_Spalte1_Reihe28_R4S_149_R,28,1,28,149,505.0,0.505,10,50.5,,28,1i,
Plot29_Spalte1_Reihe29_R4S_221_M,29,1,29,221,462.0,0.462,9,51.333333333333336,,29,0,
Plot30_Spalte1_Reihe30_R4S_296_E,30,1,30,296,442.0,0.442,10,44.2,,30,0,
Plot31_Spalte1_Reihe31_R4S_181_E,31,1,31,181,545.0,0.545,10,54.5,,31,0,
Plot32_Spalte1_Reihe32_R4S_532_W,32,1,32,532,483.0,0.483,10,48.3,,32,0,
Plot33_Spalte1_Reihe33_R4S_327_Y,33,1,33,327,71.0,0.071,10,7.1,,33,1 inside,
Plot34_Spalte1_Reihe34_R4S_358_P,34,1,34,358,394.0,0.394,10,39.4,,34,0,
Plot35_Spalte1_Reihe35_R4S_366_N,35,1,35,366,519.0,0.519,10,51.9,,35,2i,
Plot36_Spalte1_Reihe36_R4S_359_S,36,1,36,359,185.0,0.185,10,18.5,,36,1i,
Plot37_Spalte1_Reihe37_R4S_269_B,37,1,37,269,550.0,0.55,10,55.0,,37,2i,
Plot38_Spalte1_Reihe38_R4S_216_O,38,1,38,216,559.0,0.559,10,55.9,flowering,38,3,
Plot39_Spalte1_Reihe39_R4S_233_L,39,1,39,233,411.0,0.411,10,41.1,,39,4i,
Plot40_Spalte1_Reihe40_R4S_195_N,40,1,40,195,473.0,0.473,10,47.3,,40,4i,
Plot41_Spalte1_Reihe41_R4S_471_H,41,1,41,471,67.0,0.067,10,6.7,,41,0,
Plot42_Spalte1_Reihe42_R4S_288_S,42,1,42,288,361.0,0.361,10,36.1,,42,0,
Plot43_Spalte1_Reihe43_R4S_305_C,43,1,43,305,56.8,0.056799999999999996,9,6.311111111111111,dick  root small plants,43,0,
Plot44_Spalte1_Reihe44_R4S_189_C,44,1,44,189,218.0,0.218,10,21.8,,44,0,
Plot45_Spalte1_Reihe45_R4S_385_M,45,1,45,385,346.0,0.346,10,34.6,,45,3i,
Plot46_Spalte1_Reihe46_R4S_280_L,46,1,46,280,303.0,0.303,10,30.3,,46,0,
Plot47_Spalte1_Reihe47_R4S_551_A,47,1,47,551,742.0,0.742,10,74.2,,47,0,
Plot48_Spalte1_Reihe48_R4S_154_C,48,1,48,154,333.0,0.333,10,33.3,,48,0,
Plot49_Spalte1_Reihe49_R4S507_Ex,49,1,49,507,420.0,0.42,10,42.0,,49,0,
Plot50_Spalte1_Reihe50_R4S_275_H,50,1,50,275,260.0,0.26,10,26.0,,50,0,
Plot51_Spalte1_Reihe51_R4S_184_N,51,1,51,184,317.0,0.317,10,31.7,,51,0,
Plot52_Spalte1_Reihe52_R4S_395_D,52,1,52,395,269.0,0.269,10,26.9,,52,1,
Plot53_Spalte1_Reihe53_R4S_199_M,53,1,53,199,270.0,0.27,10,27.0,,53,0,
Plot54_Spalte1_Reihe54_R4S_525_T,54,1,54,525,441.0,0.441,10,44.1,,54,0,
Plot55_Spalte1_Reihe55_R4S_240_M,55,1,55,240,430.0,0.43,10,43.0,,55,0,
Plot56_Spalte1_Reihe56_R4S_294_R,56,1,56,294,83.0,0.083,10,8.3,,56,6i,
Plot57_Spalte1_Reihe57_R4S_217_J,57,1,57,217,209.0,0.209,10,20.9,,57,0,
Plot58_Spalte1_Reihe58_R4S_398_B,58,1,58,398,378.0,0.378,10,37.8,,58,0,
Plot59_Spalte1_Reihe59_R4S_501_L,59,1,59,501,803.0,0.803,10,80.3,,59,15i,
Plot60_Spalte1_Reihe60_R4S_490_R,60,1,60,490,298.0,0.298,10,29.8,,60,1i,
Plot61_Spalte2_Reihe1_R4S_443_J ,61,2,1,443,300.0,0.3,10,30.0,,61,0,
Plot62_Spalte2_Reihe2_R4S_331_Ma,62,2,2,331,78.0,0.078,10,7.8,very little plants,62,3i,
Plot63_Spalte2_Reihe3_R4S_156_Vi,63,2,3,156,469.0,0.469,10,46.9,,63,3i,
Plot64_Spalte2_Reihe4_R4S_494_DS,64,2,4,494,715.0,0.715,10,71.5,,64,0,
Plot65_Spalte2_Reihe5_R4S_151_On,65,2,5,151,189.0,0.189,10,18.9,,65,1i,
Plot66_Spalte2_Reihe6_R4S_292_V8,66,2,6,292,448.0,0.448,10,44.8,,66,0,
Plot67_Spalte2_Reihe7_R4S_203_Fl,67,2,7,203,698.0,0.698,10,69.8,,67,9 inside,
Plot68_Spalte2_Reihe8_R4S_204_Le,68,2,8,204,521.0,0.521,11,47.36363636363637,,68,4i,
Plot69_Spalte2_Reihe9_R4S_329_Ro,69,2,9,329,211.0,0.211,10,21.1,,69,0,
Plot70_Spalte2_Reihe10_R4S_539_S,70,2,10,539,638.0,0.638,10,63.8,,70,0,
Plot71_Spalte2_Reihe11_R4S_169_T,71,2,11,169,430.0,0.43,10,43.0,,71,0,
Plot72_Spalte2_Reihe12_R4S_197_S,72,2,12,197,298.0,0.298,10,29.8,,72,0,
Plot73_Spalte2_Reihe13_R4S_166_N,73,2,13,166,510.0,0.51,10,51.0,,73,0,
Plot74_Spalte2_Reihe14_R4S_343_D,74,2,14,343,486.0,0.486,10,48.6,,74,0,
Plot75_Spalte2_Reihe15_R4S_279_L,75,2,15,279,302.0,0.302,10,30.2,,75,0,
Plot76_Spalte2_Reihe16_R4S_417_H,76,2,16,417,261.0,0.261,10,26.1,,76,0,
Plot77_Spalte2_Reihe17_R4S_451_S,77,2,17,451,359.0,0.359,10,35.9,,77,2i,
Plot78_Spalte2_Reihe18_R4S_522_T,78,2,18,522,635.0,0.635,10,63.5,,78,0,
Plot79_Spalte2_Reihe19_R4S_391_J,79,2,19,391,584.0,0.584,11,53.090909090909086,,79,1,
Plot80_Spalte2_Reihe20_R4S_246_L,80,2,20,246,786.0,0.786,10,78.59999999999998,,80,2i,diptera pupae?
Plot81_Spalte2_Reihe21_R4S_373_2,81,2,21,373,114.0,0.114,10,11.4,,81,0,
Plot82_Spalte2_Reihe22_R4S_345_B,82,2,22,345,593.0,0.593,10,59.3,,82,0,
Plot83_Spalte2_Reihe23_R4S_289_S,83,2,23,289,386.0,0.386,10,38.6,,83,0,
Plot84_Spalte2_Reihe24_R4S_243_S,84,2,24,243,387.0,0.387,10,38.7,,84,6i,
Plot85_Spalte2_Reihe25_R4S_190_R,85,2,25,190,532.0,0.532,10,53.2,,85,0,
Plot86_Spalte2_Reihe26_R4S_505_E,86,2,26,505,500.0,0.5,10,50.0,,86,3 inside,
Plot87_Spalte2_Reihe27_R4S_157_B,87,2,27,157,587.0,0.587,10,58.7,,87,0,
Plot88_Spalte2_Reihe28_R4S_285_Q,88,2,28,285,437.0,0.437,10,43.7,,88,1 inside,
Plot89_Spalte2_Reihe29_R4S_263_A,89,2,29,263,486.0,0.486,10,48.6,,missing?,,
Plot90_Spalte2_Reihe30_R4S_268_A,90,2,30,268,408.0,0.408,10,40.8,,90,0,
Plot91_Spalte2_Reihe31_R4S_499_R,91,2,31,499,591.0,0.591,10,59.1,,91,5i / 1 pupae,
Plot92_Spalte2_Reihe32_R4S_428_S,92,2,32,428,265.0,0.265,9,29.444444444444443,,92,0,
Plot93_Spalte2_Reihe33_R4S_438_R,93,2,33,438,228.0,0.228,10,22.8,,93,18i,very small
Plot94_Spalte2_Reihe34_R4S_489_S,94,2,34,489,160.0,0.16,10,16.0,,94,0,
Plot95_Spalte2_Reihe35_R4S_458_F,95,2,35,458,194.0,0.194,10,19.4,,95,26i,very small
Plot96_Spalte2_Reihe36_R4S_498_R,96,2,36,498,530.0,0.53,10,53.0,,96,0,
Plot97_Spalte2_Reihe37_R4S_506_E,97,2,37,506,418.0,0.418,10,41.8,,97,0,
Plot98_Spalte2_Reihe38_R4S_341_P,98,2,38,341,143.0,0.143,10,14.3,,98,0,
Plot99_Spalte2_Reihe39_R4S_215_S,99,2,39,215,341.0,0.341,10,34.1,crf heavy,99,0,
Plot100_Spalte2_Reihe40_R4S_273_,100,2,40,273,469.0,0.469,10,46.9,,100,0,
Plot101_Spalte2_Reihe41_R4S_259_,101,2,41,259,553.0,0.553,10,55.3,,101,0,
Plot102_Spalte2_Reihe42_R4S_497_,102,2,42,497,675.0,0.675,10,67.5,,102,0,
Plot103_Spalte2_Reihe43_R4S_255_,103,2,43,255,391.0,0.391,10,39.1,,103,1i,
Plot104_Spalte2_Reihe44_R4S_335_,104,2,44,335,86.0,0.086,10,8.6,very small plant,104,4i,
Plot105_Spalte2_Reihe45_R4S_308_,105,2,45,308,554.0,0.554,10,55.4,,105,0,
Plot106_Spalte2_Reihe46_R4S_394_,106,2,46,394,360.0,0.36,10,36.0,,106,0,
Plot107_Spalte2_Reihe47_R4S_161_,107,2,47,161,601.0,0.601,9,66.77777777777777,,107,2 inside,
Plot108_Spalte2_Reihe48_R4S_211_,108,2,48,211,454.0,0.454,10,45.4,,108,0,
Plot109_Spalte2_Reihe49_R4S_143_,109,2,49,143,407.0,0.407,11,37.0,,109,1,
Plot110_Spalte2_Reihe50_R4S_382_,110,2,50,382,337.0,0.337,10,33.7,,110,0,
Plot111_Spalte2_Reihe51_R4S_318_,111,2,51,318,188.0,0.188,10,18.8,,111,1i,
Plot112_Spalte2_Reihe52_R4S_286_,112,2,52,286,317.0,0.317,10,31.7,,112,0,
Plot113_Spalte2_Reihe53_R4S_434_,113,2,53,434,187.0,0.187,10,18.7,,113,1,
Plot114_Spalte2_Reihe54_R4S_236_,114,2,54,236,279.0,0.279,10,27.9,,114,0,
Plot115_Spalte2_Reihe55_R4S_377_,115,2,55,377,523.0,0.523,10,52.3,,115,0,
Plot116_Spalte2_Reihe56_R4S_170_,116,2,56,170,195.0,0.195,10,19.5,,116,3i,
Plot117_Spalte2_Reihe57_R4S_326_,117,2,57,326,74.0,0.074,10,7.4,,117,0,
Plot118_Spalte2_Reihe58_R4S_543_,118,2,58,543,516.0,0.516,10,51.6,,118,0,
Plot119_Spalte2_Reihe59_R4S_440_,119,2,59,440,615.0,0.615,10,61.5,,119,1i,
Plot120_Spalte2_Reihe60_R4S_336_,120,2,60,336,31.0,0.031,10,3.1,very little plants,120,0,
Plot121_Spalte3_Reihe1_R4S_325_T,121,3,1,325,664.0,0.664,10,66.4,,121,1,
Plot122_Spalte3_Reihe2_R4S_150_M,122,3,2,150,807.0,0.807,10,80.7,,122,0,
Plot123_Spalte3_Reihe3_R4S_271_C,123,3,3,271,300.0,0.3,10,30.0,,123,0,
Plot124_Spalte3_Reihe4_R4S_478_H,124,3,4,478,413.0,0.413,10,41.3,root with central damage (larvae?,124,0,
Plot125_Spalte3_Reihe5_R4S_287_S,125,3,5,287,546.0,0.546,11,49.63636363636363,,125,0,
Plot126_Spalte3_Reihe6_R4S_168_V,126,3,6,168,608.0,0.608,10,60.8,,126,2i,
Plot127_Spalte3_Reihe7_R4S_530_W,127,3,7,530,446.0,0.446,10,44.6,,127,6i,
Plot128_Spalte3_Reihe8_R4S_319_A,128,3,8,319,97.0,0.097,10,9.7,,128,0,
Plot129_Spalte3_Reihe9_R4S_207_P,129,3,9,207,182.0,0.182,10,18.2,,129,2i,
Plot130_Spalte3_Reihe10_R4S_300_,130,3,10,300,428.0,0.428,9,47.55555555555556,,130,11i,
Plot131_Spalte3_Reihe11_R4S_173_,131,3,11,173,393.0,0.393,10,39.3,,131,0,
Plot132_Spalte3_Reihe12_R4S_487_,132,3,12,487,215.0,0.215,10,21.5,,132,15i,
Plot133_Spalte3_Reihe13_R4S_355_,133,3,13,355,802.0,0.802,10,80.2,big plants,133,0,
Plot134_Spalte3_Reihe14_R4S_256_,134,3,14,256,706.0,0.706,10,70.6,,134,0,
Plot135_Spalte3_Reihe15_R4S_513_,135,3,15,513,454.0,0.454,10,45.4,,135,0,
Plot136_Spalte3_Reihe16_R4S_317_,136,3,16,317,109.0,0.109,10,10.9,,136,10i,
Plot137_Spalte3_Reihe17_R4S_483_,137,3,17,483,288.0,0.288,10,28.8,,137,0,
Plot138_Spalte3_Reihe18_R4S_213_,138,3,18,213,554.0,0.554,10,55.4,,138,0,
Plot139_Spalte3_Reihe19_R4S_267_,139,3,19,267,305.0,0.305,10,30.5,,139,1,
Plot140_Spalte3_Reihe20_R4S_298_,140,3,20,298,687.0,0.687,10,68.7,,140,0,
Plot141_Spalte3_Reihe21_R4S_477_,141,3,21,477,600.0,0.6,10,60.0,,141,22i,
Plot142_Spalte3_Reihe22_R4S_167_,142,3,22,167,449.0,0.449,10,44.9,,142,0,
Plot143_Spalte3_Reihe23_R4S_214_,143,3,23,214,557.0,0.557,10,55.7,,143,0,
Plot144_Spalte3_Reihe24_R4S_220_,144,3,24,220,767.0,0.767,10,76.7,,144,0,
Plot145_Spalte3_Reihe25_R4S_457_,145,3,25,457,148.0,0.148,10,14.8,,145,1i,
Plot146_Spalte3_Reihe26_R4S_185_,146,3,26,185,462.0,0.462,9,51.333333333333336,,146,1? Mold in bag,
Plot147_Spalte3_Reihe27_R4S_495_,147,3,27,495,826.0,0.826,10,82.6,,147,1i,
Plot148_Spalte3_Reihe28_R4S_453_,148,3,28,453,152.0,0.152,10,15.2,,148,0,
Plot149_Spalte3_Reihe29_R4S_399_,149,3,29,399,373.0,0.373,10,37.3,,149,4i,
Plot150_Spalte3_Reihe30_R4S_254_,150,3,30,254,532.0,0.532,10,53.2,root with central damage (larvae?,150,1i,
Plot151_Spalte3_Reihe31_R4S_357_,151,3,31,357,501.0,0.501,10,50.1,,151,0,
Plot152_Spalte3_Reihe32_R4S_367_,152,3,32,367,566.0,0.566,10,56.6,,152,1i,
Plot153_Spalte3_Reihe33_R4S_160_,153,3,33,160,418.0,0.418,10,41.8,,153,0,
Plot154_Spalte3_Reihe34_R4S_541_,154,3,34,541,646.0,0.646,10,64.6,,154,5i,
Plot155_Spalte3_Reihe35_R4S_270_,155,3,35,270,395.0,0.395,10,39.5,,155,11i,
Plot156_Spalte3_Reihe36_R4S_361_,156,3,36,361,472.0,0.472,9,52.44444444444444,,156,0,
Plot157_Spalte3_Reihe37_R4S_302_,157,3,37,302,534.0,0.534,10,53.4,,157,0,
Plot158_Spalte3_Reihe38_R4S_405_,158,3,38,405,428.0,0.428,10,42.8,,158,0,
Plot159_Spalte3_Reihe39_R4S_162_,159,3,39,162,628.0,0.628,10,62.8,,159,6i,
Plot160_Spalte3_Reihe40_R4S_515_,160,3,40,515,434.0,0.434,10,43.4,,160,0,
Plot161_Spalte3_Reihe41_R4S_299_,161,3,41,299,332.0,0.332,10,33.2,,161,1,
Plot162_Spalte3_Reihe42_R4S_226_,162,3,42,226,554.0,0.554,10,55.4,,162,6i,
Plot163_Spalte3_Reihe43_R4S_234_,163,3,43,234,399.0,0.399,10,39.9,,163,0,
Plot164_Spalte3_Reihe44_R4S_290_,164,3,44,290,493.0,0.493,10,49.3,,164,0,
Plot165_Spalte3_Reihe45_R4S_163_,165,3,45,163,379.0,0.379,10,37.9,,165,4i,
Plot166_Spalte3_Reihe46_R4S_542_,166,3,46,542,489.0,0.489,10,48.9,,166,0,
Plot167_Spalte3_Reihe47_R4S_262_,167,3,47,262,271.0,0.271,10,27.1,,167,7i,
Plot168_Spalte3_Reihe48_R4S_362_,168,3,48,362,339.0,0.339,10,33.9,,168,0,
Plot169_Spalte3_Reihe49_R4S_484_,169,3,49,484,404.0,0.404,11,36.72727272727273,,169,0,
Plot170_Spalte3_Reihe50_R4S_301_,170,3,50,301,727.0,0.727,10,72.7,,170,0,
Plot171_Spalte3_Reihe51_R4S_247_,171,3,51,247,591.0,0.591,10,59.1,,171,0,
Plot172_Spalte3_Reihe52_R4S_454_,172,3,52,454,296.0,0.296,10,29.6,,172,0,
Plot173_Spalte3_Reihe53_R4S_396_,173,3,53,396,425.0,0.425,10,42.5,,173,0,
Plot174_Spalte3_Reihe54_R4S_164_,174,3,54,164,536.0,0.536,10,53.6,,174,1,
Plot175_Spalte3_Reihe55_R4S_534_,175,3,55,534,415.0,0.415,10,41.5,,175,0,
Plot176_Spalte3_Reihe56_R4S_322_,176,3,56,322,98.0,0.098,10,9.8,,176,0,
Plot177_Spalte3_Reihe57_R4S_371_,177,3,57,371,503.0,0.503,10,50.3,,177,0,
Plot178_Spalte3_Reihe58_R4S_313_,178,3,58,313,350.0,0.35,10,35.0,,178,11i,
Plot179_Spalte3_Reihe59_R4S_219_,179,3,59,219,492.0,0.492,10,49.2,,179,0,
Plot180_Spalte3_Reihe60_R4S_274_,180,3,60,274,355.0,0.355,10,35.5,,180,0,
Plot181_Spalte4_Reihe1_R4S_503_E,181,4,1,503,349.0,0.349,9,38.77777777777778,,181,8i,
Plot182_Spalte4_Reihe2_R4S_459_S,182,4,2,459,445.0,0.445,10,44.5,,182,0,
Plot183_Spalte4_Reihe3_R4S_278_L,183,4,3,278,337.0,0.337,10,33.7,,183,2i,
Plot184_Spalte4_Reihe4_R4S_348_W,184,4,4,348,172.0,0.172,10,17.2,,184,9i,
Plot185_Spalte4_Reihe5_R4S_281_M,185,4,5,281,436.0,0.436,10,43.6,,185,0,
Plot186_Spalte4_Reihe6_R4S_381_P,186,4,6,381,399.0,0.399,10,39.9,,186,0,
Plot187_Spalte4_Reihe7_R4S_158_L,187,4,7,158,534.0,0.534,10,53.4,,187,0,
Plot188_Spalte4_Reihe8_R4S_436_R,188,4,8,436,463.0,0.463,10,46.3,,188,6 inside,
Plot189_Spalte4_Reihe9_R4S_380_S,189,4,9,380,546.0,0.546,10,54.6,,189,0,
Plot190_Spalte4_Reihe10_R4S_323_,190,4,10,323,240.0,0.24,10,24.0,root with central damage (larvae?,190,0,
Plot191_Spalte4_Reihe11_R4S_276_,191,4,11,276,157.0,0.157,10,15.7,,191,1 inside,
Plot192_Spalte4_Reihe12_R4S_152_,192,4,12,152,378.0,0.378,10,37.8,,192,5i,
Plot193_Spalte4_Reihe13_R4S_504_,193,4,13,504,511.0,0.511,10,51.1,,193,0,
Plot194_Spalte4_Reihe14_R4S_172_,194,4,14,172,225.0,0.225,10,22.5,,194,1i,
Plot195_Spalte4_Reihe15_R4S_502_,195,4,15,502,436.0,0.436,10,43.6,,195,0,
Plot196_Spalte4_Reihe16_R4S_251_,196,4,16,251,345.0,0.345,10,34.5,,196,0,
Plot197_Spalte4_Reihe17_R4S_183_,197,4,17,183,343.0,0.343,10,34.3,,197,0,
Plot198_Spalte4_Reihe18_R4S_407_,198,4,18,407,288.0,0.288,10,28.8,,198,18i,
Plot199_Spalte4_Reihe19_R4S_159_,199,4,19,159,365.0,0.365,10,36.5,,199,0,
Plot200_Spalte4_Reihe20_R4S_372_,200,4,20,372,418.0,0.418,10,41.8,,200,0,
Plot201_Spalte4_Reihe21_R4S_324_,201,4,21,324,536.0,0.536,10,53.6,,201,1i,
Plot202_Spalte4_Reihe22_R4S_500_,202,4,22,500,610.0,0.61,10,61.0,,202,0,
Plot203_Spalte4_Reihe23_R4S_448_,203,4,23,448,320.0,0.32,10,32.0,,203,2 inside,
Plot204_Spalte4_Reihe24_R4S_549_,204,4,24,549,666.0,0.666,10,66.6,,204,0,
Plot205_Spalte4_Reihe25_R4S_205_,205,4,25,205,248.0,0.248,10,24.8,,205,7i,
Plot206_Spalte4_Reihe26_R4S_352_,206,4,26,352,463.0,0.463,11,42.090909090909086,,206,6i,
Plot207_Spalte4_Reihe27_R4S_346_,207,4,27,346,108.48,0.10848000000000001,10,10.848,,207,2i,
Plot208_Spalte4_Reihe28_R4S_439_,208,4,28,439,467.0,0.467,10,46.7,,208,3i,
Plot209_Spalte4_Reihe29_R4S_146_,209,4,29,146,334.0,0.334,10,33.4,,209,4 inside,
Plot210_Spalte4_Reihe30_R4S_523_,210,4,30,523,714.0,0.714,10,71.4,,210,0,
Plot211_Spalte4_Reihe31_R4S_239_,211,4,31,239,592.0,0.592,10,59.2,,211,0,
Plot212_Spalte4_Reihe32_R4S_347_,212,4,32,347,384.0,0.384,10,38.4,,212,0,
Plot213_Spalte4_Reihe33_R4S_304_,213,4,33,304,334.0,0.334,10,33.4,,213,0,
Plot214_Spalte4_Reihe34_R4S_418_,214,4,34,418,569.0,0.569,11,51.72727272727273,,214,0,
Plot215_Spalte4_Reihe35_R4S_237_,215,4,35,237,624.0,0.624,10,62.4,,215,27i,
Plot216_Spalte4_Reihe36_R4S_550_,216,4,36,550,738.0,0.738,10,73.8,,216,13i,
Plot217_Spalte4_Reihe37_R4S_365_,217,4,37,365,456.0,0.456,10,45.6,,217,0,
Plot218_Spalte4_Reihe38_R4S_238_,218,4,38,238,273.0,0.273,10,27.3,,218,2 inside,
Plot219_Spalte4_Reihe39_R4S_334_,219,4,39,334,122.0,0.122,11,11.090909090909092,,219,1i,
Plot220_Spalte4_Reihe40_R4S_206_,220,4,40,206,423.0,0.423,10,42.3,,220,0,
Plot221_Spalte4_Reihe41_R4S_339_,221,4,41,339,123.0,0.123,10,12.3,,221,5i ,
Plot222_Spalte4_Reihe42_R4S_315_,222,4,42,315,218.0,0.218,10,21.8,,222,5i / 1 pupae,
Plot223_Spalte4_Reihe43_R4S_533_,223,4,43,533,427.0,0.427,10,42.7,,223,1i,
Plot224_Spalte4_Reihe44_R4S_264_,224,4,44,264,282.0,0.282,10,28.2,,224,0,
Plot225_Spalte4_Reihe45_R4S_488_,225,4,45,488,240.0,0.24,10,24.0,,225,2i,
Plot226_Spalte4_Reihe46_R4S_392_,226,4,46,392,206.0,0.206,10,20.6,,226,0,
Plot227_Spalte4_Reihe47_R4S_368_,227,4,47,368,386.0,0.386,10,38.6,,227,1,
Plot228_Spalte4_Reihe48_R4S_485_,228,4,48,485,238.0,0.238,10,23.8,,228,0,
Plot229_Spalte4_Reihe49_R4S_260_,229,4,49,260,420.0,0.42,10,42.0,,229,0,
Plot230_Spalte4_Reihe50_R4S_435_,230,4,50,435,103.0,0.103,10,10.3,very little plants,230,1,
Plot231_Spalte4_Reihe51_R4S_401_,231,4,51,401,251.0,0.251,10,25.1,,231,2i,
Plot232_Spalte4_Reihe52_R4S_179_,232,4,52,179,188.0,0.188,10,18.8,,232,1,
Plot233_Spalte4_Reihe53_R4S_200_,233,4,53,200,161.0,0.161,10,16.1,,233,2i,
Plot234_Spalte4_Reihe54_R4S_148_,234,4,54,148,439.0,0.439,10,43.9,,234,0,
Plot235_Spalte4_Reihe55_R4S_397_,235,4,55,397,180.0,0.18,9,20.0,,235,1 pupae,
Plot236_Spalte4_Reihe56_R4S_492_,236,4,56,492,584.0,0.584,10,58.4,,236,0,
Plot237_Spalte4_Reihe57_R4S_496_,237,4,57,496,742.0,0.742,10,74.2,,237,0,
Plot238_Spalte4_Reihe58_R4S_388_,238,4,58,388,620.0,0.62,10,62.0,,238,0,
Plot239_Spalte4_Reihe59_R4S_422_,239,4,59,422,85.0,0.085,10,8.5,,239,1i,
Plot240_Spalte4_Reihe60_R4S_552_,240,4,60,552,955.0,0.955,9,106.11111111111111,,240,0,
Plot241_Spalte5_Reihe1_R4S_493_K,241,5,1,493,812.0,0.812,10,81.2,,241,0,
Plot242_Spalte5_Reihe2_R4S_376_V,242,5,2,376,347.0,0.347,10,34.7,,242,2i,
Plot243_Spalte5_Reihe3_R4S_512_R,243,5,3,512,418.0,0.418,10,41.8,,243,2 inside,
Plot244_Spalte5_Reihe4_R4S_461_H,244,5,4,461,383.0,0.383,10,38.3,,244,1i,
Plot245_Spalte5_Reihe5_R4S_316_B,245,5,5,316,903.0,0.903,9,100.33333333333331,,245,0,
Plot246_Spalte5_Reihe6_R4S_375_V,246,5,6,375,306.0,0.306,10,30.6,,246,40i,
Plot247_Spalte5_Reihe7_R4S_364_S,247,5,7,364,337.0,0.337,10,33.7,,247,0,
Plot248_Spalte5_Reihe8_R4S_284_N,248,5,8,284,603.0,0.603,10,60.3,,248,1 inside,
Plot249_Spalte5_Reihe9_R4S_452_G,249,5,9,452,304.0,0.304,10,30.4,,249,0,
Plot250_Spalte5_Reihe10_R4S_144_,250,5,10,144,359.0,0.359,10,35.9,,250,2i,
Plot251_Spalte5_Reihe11_R4S_194_,251,5,11,194,269.0,0.269,9,29.88888888888889,,251,4i,
Plot252_Spalte5_Reihe12_R4S_548_,252,5,12,548,549.0,0.549,10,54.9,,252,3i,
Plot253_Spalte5_Reihe13_R4S_244_,253,5,13,244,404.0,0.404,10,40.4,,253,0,
Plot254_Spalte5_Reihe14_R4S_460_,254,5,14,460,285.0,0.285,10,28.5,,254,2i,
Plot255_Spalte5_Reihe15_R4S_182_,255,5,15,182,197.0,0.197,10,19.7,,255,0,
Plot256_Spalte5_Reihe16_R4S_229_,256,5,16,229,437.0,0.437,10,43.7,,256,12i,
Plot257_Spalte5_Reihe17_R4S_553_,257,5,17,553,13.0,0.013,7,1.8571428571428568,very little plants,257,0,
Plot258_Spalte5_Reihe18_R4S_312_,258,5,18,312,416.0,0.416,10,41.6,,258,2 inside,
Plot259_Spalte5_Reihe19_R4S_252_,259,5,19,252,151.0,0.151,11,13.727272727272728,,259,17,very small
Plot260_Spalte5_Reihe20_R4S_231_,260,5,20,231,318.0,0.318,10,31.8,,260,0,
Plot261_Spalte5_Reihe21_R4S_540_,261,5,21,540,699.0,0.699,11,63.545454545454554,,261,0,
Plot262_Spalte5_Reihe22_R4S_223_,262,5,22,223,291.0,0.291,10,29.1,,262,4i,
Plot263_Spalte5_Reihe23_R4S_424_,263,5,23,424,121.0,0.121,9,13.444444444444445,,263,0,
Plot264_Spalte5_Reihe24_R4S_235_,264,5,24,235,378.0,0.378,10,37.8,,264,0,
Plot265_Spalte5_Reihe25_R4S_283_,265,5,25,283,635.0,0.635,10,63.5,root with central damage (larvae?,265,0,
Plot266_Spalte5_Reihe26_R4S_188_,266,5,26,188,661.0,0.661,11,60.090909090909086,,266,0,
Plot267_Spalte5_Reihe27_R4S_277_,267,5,27,277,162.0,0.162,10,16.2,,267,0,
Plot268_Spalte5_Reihe28_R4S_514_,268,5,28,514,429.0,0.429,9,47.66666666666666,,268,0,
Plot269_Spalte5_Reihe29_R4S_444_,269,5,29,444,152.0,0.152,10,15.2,,269,0,
Plot270_Spalte5_Reihe30_R4S_145_,270,5,30,145,627.0,0.627,9,69.66666666666667,,270,0,
Plot271_Spalte5_Reihe31_R4S_466_,271,5,31,466,562.0,0.562,10,56.2,,271,0,
Plot272_Spalte5_Reihe32_R4S_245_,272,5,32,245,707.0,0.707,10,70.7,,272,0,
Plot273_Spalte5_Reihe33_R4S_218_,273,5,33,218,592.0,0.592,11,53.81818181818182,,273,1,
Plot274_Spalte5_Reihe34_R4S_230_,274,5,34,230,229.0,0.229,10,22.9,,274,0,
Plot275_Spalte5_Reihe35_R4S_463_,275,5,35,463,240.0,0.24,10,24.0,,275,11i,
Plot276_Spalte5_Reihe36_R4S_465_,276,5,36,465,205.0,0.205,11,18.63636363636364,,276,13i,
Plot277_Spalte5_Reihe37_R4S_153_,277,5,37,153,760.0,0.76,11,69.0909090909091,,277,1i,
Plot278_Spalte5_Reihe38_R4S_449_,278,5,38,449,281.0,0.281,10,28.1,,278,5i,
Plot279_Spalte5_Reihe39_R4S_378_,279,5,39,378,407.0,0.407,12,33.916666666666664,,279,0,
Plot280_Spalte5_Reihe40_R4S_227_,280,5,40,227,418.0,0.418,10,41.8,,280,0,
Plot281_Spalte5_Reihe41_R4S_202_,281,5,41,202,413.0,0.413,10,41.3,,281,0,
Plot282_Spalte5_Reihe42_R4S_524_,282,5,42,524,707.0,0.707,10,70.7,,282,0,
Plot283_Spalte5_Reihe43_R4S_222_,283,5,43,222,616.0,0.616,10,61.6,,283,0,
Plot284_Spalte5_Reihe44_R4S_393_,284,5,44,393,239.0,0.239,8,29.875,,284,6i,
Plot285_Spalte5_Reihe45_R4S_306_,285,5,45,306,392.0,0.392,10,39.2,,285,0,
Plot286_Spalte5_Reihe46_R4S_293_,286,5,46,293,177.0,0.177,10,17.7,,286,0,
Plot287_Spalte5_Reihe47_R4S_320_,287,5,47,320,28.0,0.028,10,2.8,,287,0,
Plot288_Spalte5_Reihe48_R4S_447_,288,5,48,447,321.0,0.321,11,29.181818181818183,,288,0,
Plot289_Spalte5_Reihe49_R4S_193_,289,5,49,193,371.0,0.371,10,37.1,,289,31i,
Plot290_Spalte5_Reihe50_R4S_356_,290,5,50,356,311.0,0.311,11,28.272727272727277,,290,0,
Plot291_Spalte5_Reihe51_R4S_456_,291,5,51,456,388.0,0.388,10,38.8,,291,1 inside,
Plot292_Spalte5_Reihe52_R4S_516_,292,5,52,516,569.0,0.569,11,51.72727272727273,,292,4i,
Plot293_Spalte5_Reihe53_R4S_383_,293,5,53,383,251.0,0.251,10,25.1,,293,2i,
Plot294_Spalte5_Reihe54_R4S_232_,294,5,54,232,335.0,0.335,10,33.5,,294,0,
Plot295_Spalte5_Reihe55_R4S_171_,295,5,55,171,494.0,0.494,11,44.90909090909091,,295,0,
Plot296_Spalte5_Reihe56_R4S_332_,296,5,56,332,147.0,0.147,10,14.7,,296,0,
Plot297_Spalte5_Reihe57_R4S_429_,297,5,57,429,361.0,0.361,10,36.1,,297,0,
Plot298_Spalte5_Reihe58_R4S_228_,298,5,58,228,397.0,0.397,9,44.11111111111112,,298,18i,
Plot299_Spalte5_Reihe59_R4S_272_,299,5,59,272,404.0,0.404,10,40.4,,299,10i,
Plot300_Spalte5_Reihe60_R4S_180_,300,5,60,180,436.0,0.436,10,43.6,,300,2,
